# category	feature	weight   (see model.json for thresholds)
audio	__PRIOR__	-3.631147
chat	__PRIOR__	-4.166665
cloud	__PRIOR__	-4.300197
database	__PRIOR__	-3.910732
desktop	__PRIOR__	-1.333452
development	__PRIOR__	-1.713507
editors	__PRIOR__	-2.962692
emulators	__PRIOR__	-4.300197
fonts	__PRIOR__	-2.950270
games	__PRIOR__	-3.452899
hardware	__PRIOR__	-2.548929
home-automation	__PRIOR__	-4.348987
localization	__PRIOR__	-2.867382
monitoring	__PRIOR__	-3.848211
networking	__PRIOR__	-4.125843
printing	__PRIOR__	-4.572130
security	__PRIOR__	-3.943522
system	__PRIOR__	-4.209225
terminal	__PRIOR__	-3.733801
text	__PRIOR__	-4.348987
typesetting	__PRIOR__	-4.125843
video	__PRIOR__	-3.538057
web	__PRIOR__	-3.943522
audio	builder:buildDotnetModule	0.000000
audio	builder:buildDunePackage	-0.000000
audio	builder:buildEnv	-0.000000
audio	builder:buildFHSEnv	0.000000
audio	builder:buildGoModule	-0.000000
audio	builder:buildHomeAssistantComponent	0.000000
audio	builder:buildKodiAddon	0.000000
audio	builder:buildNpmPackage	0.000000
audio	builder:buildPythonApplication	3.893280
audio	builder:buildPythonPackage	0.000000
audio	builder:fetchurl	-0.269364
audio	builder:fetchzip	-0.000000
audio	builder:mkDerivation	-0.000000
audio	builder:runCommand	-0.103998
audio	builder:rustPlatform.buildRustPackage	-0.000000
audio	builder:stdenv.mkDerivation	0.106875
audio	builder:stdenvNoCC.mkDerivation	-0.000000
audio	builder:symlinkJoin	-0.000000
audio	builder:vimUtils.buildVimPlugin	0.000000
audio	desktop:true	-0.000000
audio	gui:gtk3	0.476464
audio	gui:gtk4	-0.000000
audio	gui:wrapGAppsHook3	0.049029
audio	gui:wrapGAppsHook4	0.000000
audio	gui:wrapQtAppsHook	-0.000000
audio	has:mainProgram	-0.425674
audio	host:brother.com	0.000000
audio	host:buildbot.net	0.000000
audio	host:ctan.org	0.000000
audio	host:developer.android.com	0.000000
audio	host:dotnet.github.io	0.000000
audio	host:eclipse.org	0.000000
audio	host:enlightenment.org	0.000000
audio	host:extensions.gnome.org	-0.000000
audio	host:ftp.gnu.org	0.000000
audio	host:gitlab.linphone.org	0.000000
audio	host:gnu.org	0.000000
audio	host:grafana.com	0.000000
audio	host:invent.kde.org	-0.000000
audio	host:jetbrains.com	0.000000
audio	host:kernel.org	0.000000
audio	host:lilypond.org	0.000000
audio	host:multitran.sourceforge.net	0.000000
audio	host:nerdfonts.com	-0.000000
audio	host:open-music-kontrollers.ch	3.783091
audio	host:opensource.apple.com	0.000000
audio	host:optifine.net	0.000000
audio	host:pagure.io	0.000000
audio	host:translatelocally.com	-0.000000
audio	host:web.archive.org	0.000000
audio	host:wiki.call-cc.org	-0.000000
audio	host:wiki.documentfoundation.org	0.000000
audio	license:AGPL-3.0-only	0.000000
audio	license:APSL-1.0	0.000000
audio	license:APSL-2.0	0.000000
audio	license:Apache-2.0	1.112444
audio	license:Artistic-2.0	2.732304
audio	license:BSD-2-Clause	-0.000000
audio	license:BSD-3-Clause	-0.277190
audio	license:BSL-1.0	0.000000
audio	license:CC-BY-4.0	0.000000
audio	license:CC-BY-SA-3.0	0.000000
audio	license:CC-BY-SA-4.0	-0.000000
audio	license:CC0-1.0	-0.000000
audio	license:Classpath-exception-2.0	0.000000
audio	license:EPL-1.0	0.000000
audio	license:FSFAP	0.000000
audio	license:GPL-2.0	0.466546
audio	license:GPL-2.0-only	-0.000000
audio	license:GPL-2.0-or-later	-0.375491
audio	license:GPL-3.0	1.155154
audio	license:GPL-3.0-only	-0.000000
audio	license:GPL-3.0-or-later	-0.210367
audio	license:ISC	0.357763
audio	license:LGPL-2.0-only	-0.000000
audio	license:LGPL-2.0-or-later	-0.000000
audio	license:LGPL-2.1	0.000000
audio	license:LGPL-2.1-only	-0.000000
audio	license:LGPL-2.1-or-later	-0.000000
audio	license:LGPL-3.0-only	-0.000000
audio	license:LGPL-3.0-or-later	-0.000000
audio	license:LPPL-1.3c	0.000000
audio	license:MIT	-0.118464
audio	license:MPL-2.0	-0.000000
audio	license:OFL-1.1	-0.000000
audio	license:PostgreSQL	0.000000
audio	license:Unlicense	0.000000
audio	license:free	0.000000
audio	license:publicDomain	0.000000
audio	license:unfree	-0.028560
audio	license:unfreeRedistributable	0.000000
audio	name:prefix:kde-	0.000000
audio	name:prefix:lib	-0.000000
audio	name:suffix-bin	-0.000000
audio	name:suffix-driver	0.000000
audio	name:suffix-server	0.000000
audio	name:suffix-theme	0.000000
audio	name:suffix-tools	0.000000
audio	svc:true	-0.206002
audio	w:about	0.000000
audio	w:access	0.000000
audio	w:addon	0.000000
audio	w:adds	0.000000
audio	w:advanced	0.000000
audio	w:agent	0.000000
audio	w:akonadi	0.000000
audio	w:alert	0.000000
audio	w:allows	-0.000000
audio	w:also	0.000000
audio	w:alternative	0.277390
audio	w:amd	0.000000
audio	w:analysis	0.000000
audio	w:android	0.000000
audio	w:api	0.000000
audio	w:app	0.000000
audio	w:application	-0.000000
audio	w:applications	-0.000000
audio	w:apps	0.000000
audio	w:around	0.000000
audio	w:aspell	-0.000000
audio	w:assist	0.000000
audio	w:assistant	-0.000000
audio	w:audio	1.412616
audio	w:base	0.000000
audio	w:berkeley	0.000000
audio	w:between	0.000000
audio	w:binary	0.000000
audio	w:bluetooth	0.000000
audio	w:brother	0.000000
audio	w:browser	0.000000
audio	w:build	0.000000
audio	w:buildbot	0.000000
audio	w:building	0.000000
audio	w:built	0.000000
audio	w:but	0.000000
audio	w:c++	0.000000
audio	w:calculator	0.000000
audio	w:calendar	0.000000
audio	w:capture	0.000000
audio	w:cards	0.000000
audio	w:channel	0.385717
audio	w:characters	0.000000
audio	w:check	0.000000
audio	w:chicken	0.000000
audio	w:clang	0.000000
audio	w:clean	0.419273
audio	w:client	0.753444
audio	w:clients	0.419273
audio	w:cloud	0.000000
audio	w:code	-0.000000
audio	w:collection	0.277390
audio	w:color	0.000000
audio	w:command	-0.000000
audio	w:commands	0.000000
audio	w:common	0.000000
audio	w:compiler	0.201390
audio	w:component	0.000000
audio	w:components	0.000000
audio	w:condensed	0.000000
audio	w:configuration	-0.000000
audio	w:connect	0.000000
audio	w:conquer	0.000000
audio	w:console	0.000000
audio	w:control	0.000000
audio	w:controller	0.000000
audio	w:controlling	0.871847
audio	w:core	0.000000
audio	w:corner	-0.000000
audio	w:create	0.000000
audio	w:custom	0.000000
audio	w:customizable	0.000000
audio	w:daemon	0.000000
audio	w:darwin	0.000000
audio	w:data	-0.000000
audio	w:database	0.000000
audio	w:deadbeef	3.059395
audio	w:designed	0.000000
audio	w:desktop	0.121305
audio	w:developers	0.000000
audio	w:development	0.000000
audio	w:device	0.000000
audio	w:devices	-0.000000
audio	w:dictionary	-0.000000
audio	w:disk	0.419273
audio	w:display	0.000000
audio	w:displays	0.000000
audio	w:distributed	0.000000
audio	w:distribution	0.000000
audio	w:documentation	0.000000
audio	w:documents	0.000000
audio	w:dotted	0.000000
audio	w:driver	-0.000000
audio	w:drivers	0.000000
audio	w:easy	0.000000
audio	w:eclipse	0.000000
audio	w:editor	0.211922
audio	w:efficient	0.000000
audio	w:elementary	0.000000
audio	w:elm	0.000000
audio	w:embedded	0.943841
audio	w:emulator	0.000000
audio	w:engine	-0.000000
audio	w:english	0.000000
audio	w:environment	0.000000
audio	w:extensible	0.419273
audio	w:extension	2.052670
audio	w:fast	0.262117
audio	w:features	0.294182
audio	w:file	-0.000000
audio	w:files	-0.000000
audio	w:firefox	0.000000
audio	w:firmware	0.000000
audio	w:fish	0.000000
audio	w:flexible	0.000000
audio	w:font	-0.000000
audio	w:fonts	-0.000000
audio	w:fork	0.000000
audio	w:format	0.000000
audio	w:framework	0.000000
audio	w:free	-0.000000
audio	w:freshrss	0.000000
audio	w:functionality	0.000000
audio	w:functions	0.000000
audio	w:game	0.025322
audio	w:games	0.000000
audio	w:generator	0.000000
audio	w:ghidra	0.000000
audio	w:gnome	-0.000000
audio	w:gnu	0.000000
audio	w:google	0.000000
audio	w:grafana	0.000000
audio	w:gui	0.000000
audio	w:handling	0.000000
audio	w:hardware	0.000000
audio	w:hashes	0.000000
audio	w:helm	0.000000
audio	w:high	0.000000
audio	w:high-performance	0.000000
audio	w:highlighting	0.000000
audio	w:home	0.000000
audio	w:http	0.000000
audio	w:hyphen	-0.000000
audio	w:hyprland	0.000000
audio	w:ibus	0.000000
audio	w:ide	-0.000000
audio	w:image	0.000000
audio	w:implementation	-0.000000
audio	w:including	0.000000
audio	w:indian	0.000000
audio	w:indicator	0.000000
audio	w:information	0.000000
audio	w:injection	0.419273
audio	w:input	0.000000
audio	w:install	0.000000
audio	w:integrate	0.000000
audio	w:integrates	0.000000
audio	w:integration	0.000000
audio	w:intel	0.000000
audio	w:interface	0.000000
audio	w:iosevka	0.000000
audio	w:jack	3.783091
audio	w:java	0.000000
audio	w:javascript	0.000000
audio	w:jetbrains	0.000000
audio	w:json	0.000000
audio	w:kde	-0.000000
audio	w:kernel	-0.000000
audio	w:keyboard	0.000000
audio	w:kio	0.000000
audio	w:kodi	0.000000
audio	w:kubernetes	0.000000
audio	w:language	-0.000000
audio	w:languages	0.000000
audio	w:laptop	0.000000
audio	w:libraries	0.000000
audio	w:library	-0.065643
audio	w:libreoffice	0.000000
audio	w:libretro	0.000000
audio	w:ligature	0.000000
audio	w:ligatures	-0.000000
audio	w:lightweight	0.248108
audio	w:lilypond	0.000000
audio	w:line	-0.000000
audio	w:linphone	0.000000
audio	w:linux	-0.000000
audio	w:lisp	0.000000
audio	w:lldb	0.000000
audio	w:llvm	0.000000
audio	w:lomiri	0.000000
audio	w:lua	0.000000
audio	w:lv2	5.246324
audio	w:lxqt	0.000000
audio	w:machine	0.000000
audio	w:make	0.000000
audio	w:makes	0.000000
audio	w:man	0.000000
audio	w:manage	0.000000
audio	w:management	0.000000
audio	w:manager	-0.000000
audio	w:many	0.419273
audio	w:markdown	0.000000
audio	w:menu	0.000000
audio	w:method	0.000000
audio	w:mimicking	0.000000
audio	w:minecraft	0.000000
audio	w:minimal	0.000000
audio	w:mobile	-0.000000
audio	w:mod	0.000000
audio	w:mode	0.000000
audio	w:model	-0.000000
audio	w:modern	0.000000
audio	w:module	-0.000000
audio	w:monitor	0.000000
audio	w:monitoring	0.000000
audio	w:mono	0.000000
audio	w:monospace	0.000000
audio	w:mopidy	5.930591
audio	w:multitran	0.000000
audio	w:music	3.498050
audio	w:native	0.000000
audio	w:neovim	0.000000
audio	w:nerd	-0.000000
audio	w:net	-0.000000
audio	w:network	0.000000
audio	w:networking	0.000000
audio	w:new	0.000000
audio	w:nix	0.000000
audio	w:normal	0.000000
audio	w:notification	0.000000
audio	w:notifications	0.357763
audio	w:nvidia	0.000000
audio	w:obs	0.000000
audio	w:obtain	0.000000
audio	w:ocaml	-0.000000
audio	w:official	0.000000
audio	w:one	0.000000
audio	w:open	-0.000000
audio	w:open-source	0.000000
audio	w:openjdk	0.000000
audio	w:optimization	-0.000000
audio	w:original	0.000000
audio	w:package	-0.000000
audio	w:page	0.000000
audio	w:pages	0.000000
audio	w:panel	0.000000
audio	w:pantheon	0.000000
audio	w:parser	0.000000
audio	w:pass	0.000000
audio	w:password	0.000000
audio	w:passwords	0.000000
audio	w:php	0.000000
audio	w:pim	0.000000
audio	w:plasma	-0.000000
audio	w:platform	0.000000
audio	w:player	1.584182
audio	w:playing	4.359476
audio	w:plug	0.000000
audio	w:plugin	1.086278
audio	w:plugins	0.000000
audio	w:port	-0.000000
audio	w:postgresql	0.000000
audio	w:power	0.000000
audio	w:powerful	0.000000
audio	w:printer	0.000000
audio	w:process	0.000000
audio	w:program	0.000000
audio	w:programming	-0.000000
audio	w:programs	0.000000
audio	w:project	0.000000
audio	w:protocol	-0.000000
audio	w:provides	-0.000000
audio	w:providing	0.000000
audio	w:puzzle	0.000000
audio	w:python	0.294182
audio	w:qml	0.000000
audio	w:quake	0.000000
audio	w:quickly	0.000000
audio	w:re-imagination	0.000000
audio	w:real-time	0.000000
audio	w:realtek	0.000000
audio	w:red	0.000000
audio	w:release	0.000000
audio	w:round	-0.000000
audio	w:running	0.000000
audio	w:runtime	0.000000
audio	w:rust	0.262117
audio	w:scalable	0.000000
audio	w:scheme	0.000000
audio	w:script	0.000000
audio	w:scripts	0.000000
audio	w:sdk	0.000000
audio	w:search	0.000000
audio	w:security	0.000000
audio	w:server	0.320106
audio	w:service	0.000000
audio	w:session	0.000000
audio	w:set	0.000000
audio	w:settings	0.000000
audio	w:shell	-0.000000
audio	w:simple	0.000000
audio	w:single	0.000000
audio	w:skk	0.000000
audio	w:small	0.000000
audio	w:software	0.000000
audio	w:some	0.000000
audio	w:sound	0.000000
audio	w:source	-0.000000
audio	w:ssh	0.000000
audio	w:standard	0.000000
audio	w:state	0.000000
audio	w:status	0.000000
audio	w:studio	0.000000
audio	w:style	0.277390
audio	w:suite	0.000000
audio	w:support	0.044851
audio	w:supporting	0.000000
audio	w:swift	0.000000
audio	w:switchboard	0.000000
audio	w:syntax	0.000000
audio	w:system	-0.000000
audio	w:systems	0.000000
audio	w:terminal	0.000000
audio	w:test	0.000000
audio	w:text	0.000000
audio	w:theme	0.000000
audio	w:through	0.357763
audio	w:time	0.312831
audio	w:tiny	0.000000
audio	w:tmux	0.000000
audio	w:tool	-0.000000
audio	w:toolchain	0.000000
audio	w:tools	-0.000000
audio	w:top	0.000000
audio	w:touch	0.000000
audio	w:translatelocally	-0.000000
audio	w:tree	0.000000
audio	w:typing	0.000000
audio	w:ubuntu	0.000000
audio	w:unhinted	0.000000
audio	w:unicode	0.000000
audio	w:useful	0.000000
audio	w:user	0.000000
audio	w:uses	0.000000
audio	w:utilities	0.000000
audio	w:utility	0.000000
audio	w:values	0.000000
audio	w:variant	0.000000
audio	w:various	0.000000
audio	w:vdr	0.000000
audio	w:version	0.000000
audio	w:video	0.357763
audio	w:view	0.000000
audio	w:viewer	0.000000
audio	w:vim	0.000000
audio	w:virtual	0.000000
audio	w:visual	0.000000
audio	w:wayland	0.000000
audio	w:web	0.919879
audio	w:weechat	0.000000
audio	w:width	0.000000
audio	w:window	0.000000
audio	w:windows	0.000000
audio	w:wingpanel	0.000000
audio	w:work	0.000000
audio	w:working	0.000000
audio	w:wrapper	-0.000000
audio	w:written	0.262117
audio	w:x86	0.000000
audio	w:yamagi	0.000000
audio	w:znc	0.000000
chat	builder:buildDotnetModule	0.000000
chat	builder:buildDunePackage	0.000000
chat	builder:buildEnv	0.572613
chat	builder:buildFHSEnv	0.000000
chat	builder:buildGoModule	-0.000000
chat	builder:buildHomeAssistantComponent	0.000000
chat	builder:buildKodiAddon	0.000000
chat	builder:buildNpmPackage	0.000000
chat	builder:buildPythonApplication	0.000000
chat	builder:buildPythonPackage	0.369988
chat	builder:fetchurl	0.297681
chat	builder:fetchzip	-0.000000
chat	builder:mkDerivation	0.000000
chat	builder:runCommand	-0.000000
chat	builder:rustPlatform.buildRustPackage	0.000000
chat	builder:stdenv.mkDerivation	0.818584
chat	builder:stdenvNoCC.mkDerivation	-0.000000
chat	builder:symlinkJoin	0.000000
chat	builder:vimUtils.buildVimPlugin	0.000000
chat	desktop:true	-0.000000
chat	gui:gtk3	0.066867
chat	gui:gtk4	0.000000
chat	gui:wrapGAppsHook3	-0.000000
chat	gui:wrapGAppsHook4	0.000000
chat	gui:wrapQtAppsHook	-0.000000
chat	has:mainProgram	-0.410260
chat	host:brother.com	0.000000
chat	host:buildbot.net	0.000000
chat	host:ctan.org	0.000000
chat	host:developer.android.com	0.000000
chat	host:dotnet.github.io	0.000000
chat	host:eclipse.org	0.000000
chat	host:enlightenment.org	0.000000
chat	host:extensions.gnome.org	0.000000
chat	host:ftp.gnu.org	0.000000
chat	host:gitlab.linphone.org	3.378451
chat	host:gnu.org	0.000000
chat	host:grafana.com	0.000000
chat	host:invent.kde.org	-0.000000
chat	host:jetbrains.com	0.000000
chat	host:kernel.org	0.000000
chat	host:lilypond.org	0.000000
chat	host:multitran.sourceforge.net	0.000000
chat	host:nerdfonts.com	0.000000
chat	host:open-music-kontrollers.ch	0.000000
chat	host:opensource.apple.com	0.000000
chat	host:optifine.net	0.000000
chat	host:pagure.io	0.000000
chat	host:translatelocally.com	0.000000
chat	host:web.archive.org	0.000000
chat	host:wiki.call-cc.org	0.000000
chat	host:wiki.documentfoundation.org	0.000000
chat	license:AGPL-3.0-only	0.000000
chat	license:APSL-1.0	0.000000
chat	license:APSL-2.0	0.000000
chat	license:Apache-2.0	-0.000000
chat	license:Artistic-2.0	0.000000
chat	license:BSD-2-Clause	-0.000000
chat	license:BSD-3-Clause	-0.000000
chat	license:BSL-1.0	0.478309
chat	license:CC-BY-4.0	0.000000
chat	license:CC-BY-SA-3.0	0.000000
chat	license:CC-BY-SA-4.0	-0.000000
chat	license:CC0-1.0	-0.000000
chat	license:Classpath-exception-2.0	0.000000
chat	license:EPL-1.0	0.000000
chat	license:FSFAP	0.000000
chat	license:GPL-2.0	0.408566
chat	license:GPL-2.0-only	-0.000000
chat	license:GPL-2.0-or-later	-0.021389
chat	license:GPL-3.0	0.720515
chat	license:GPL-3.0-only	0.353461
chat	license:GPL-3.0-or-later	0.403393
chat	license:ISC	0.000000
chat	license:LGPL-2.0-only	-0.000000
chat	license:LGPL-2.0-or-later	-0.000000
chat	license:LGPL-2.1	0.000000
chat	license:LGPL-2.1-only	-0.000000
chat	license:LGPL-2.1-or-later	-0.000000
chat	license:LGPL-3.0-only	-0.000000
chat	license:LGPL-3.0-or-later	-0.000000
chat	license:LPPL-1.3c	0.000000
chat	license:MIT	-0.013687
chat	license:MPL-2.0	-0.000000
chat	license:OFL-1.1	-0.000000
chat	license:PostgreSQL	0.000000
chat	license:Unlicense	0.000000
chat	license:free	0.405426
chat	license:publicDomain	0.000000
chat	license:unfree	-0.000000
chat	license:unfreeRedistributable	0.000000
chat	name:prefix:kde-	0.000000
chat	name:prefix:lib	-0.000000
chat	name:suffix-bin	0.000000
chat	name:suffix-driver	0.000000
chat	name:suffix-server	0.000000
chat	name:suffix-theme	0.000000
chat	name:suffix-tools	0.000000
chat	svc:true	-0.113180
chat	w:about	0.000000
chat	w:access	0.327772
chat	w:addon	0.000000
chat	w:adds	0.000000
chat	w:advanced	0.000000
chat	w:agent	0.000000
chat	w:akonadi	0.000000
chat	w:alert	0.000000
chat	w:allows	0.000000
chat	w:also	0.000000
chat	w:alternative	0.000000
chat	w:amd	0.000000
chat	w:analysis	0.000000
chat	w:android	0.000000
chat	w:api	0.000000
chat	w:app	0.327772
chat	w:application	0.213923
chat	w:applications	0.000000
chat	w:apps	0.000000
chat	w:around	0.000000
chat	w:aspell	0.000000
chat	w:assist	0.000000
chat	w:assistant	0.000000
chat	w:audio	0.000000
chat	w:base	0.000000
chat	w:berkeley	0.000000
chat	w:between	0.000000
chat	w:binary	0.000000
chat	w:bluetooth	0.000000
chat	w:brother	0.000000
chat	w:browser	0.000000
chat	w:build	0.000000
chat	w:buildbot	0.000000
chat	w:building	0.000000
chat	w:built	0.000000
chat	w:but	0.000000
chat	w:c++	0.680420
chat	w:calculator	0.000000
chat	w:calendar	0.000000
chat	w:capture	0.000000
chat	w:cards	0.000000
chat	w:channel	0.000000
chat	w:characters	0.000000
chat	w:check	0.000000
chat	w:chicken	0.000000
chat	w:clang	0.000000
chat	w:clean	0.000000
chat	w:client	0.164188
chat	w:clients	0.511864
chat	w:cloud	0.000000
chat	w:code	-0.000000
chat	w:collection	0.369988
chat	w:color	0.000000
chat	w:command	-0.000000
chat	w:commands	0.000000
chat	w:common	0.000000
chat	w:compiler	0.000000
chat	w:component	0.000000
chat	w:components	0.000000
chat	w:condensed	0.000000
chat	w:configuration	0.000000
chat	w:connect	0.000000
chat	w:conquer	0.000000
chat	w:console	0.478309
chat	w:control	0.000000
chat	w:controller	0.000000
chat	w:controlling	0.000000
chat	w:core	0.000000
chat	w:corner	0.000000
chat	w:create	0.000000
chat	w:custom	0.000000
chat	w:customizable	0.000000
chat	w:daemon	0.000000
chat	w:darwin	0.000000
chat	w:data	0.000000
chat	w:database	0.386779
chat	w:deadbeef	0.000000
chat	w:designed	0.000000
chat	w:desktop	0.213923
chat	w:developers	0.000000
chat	w:development	0.000000
chat	w:device	0.000000
chat	w:devices	0.000000
chat	w:dictionary	-0.000000
chat	w:disk	0.000000
chat	w:display	0.000000
chat	w:displays	0.000000
chat	w:distributed	0.000000
chat	w:distribution	0.000000
chat	w:documentation	0.000000
chat	w:documents	0.000000
chat	w:dotted	0.000000
chat	w:driver	-0.000000
chat	w:drivers	0.000000
chat	w:easy	0.000000
chat	w:eclipse	0.000000
chat	w:editor	0.000000
chat	w:efficient	0.000000
chat	w:elementary	0.000000
chat	w:elm	0.000000
chat	w:embedded	0.000000
chat	w:emulator	0.000000
chat	w:engine	0.000000
chat	w:english	0.000000
chat	w:environment	0.000000
chat	w:extensible	0.000000
chat	w:extension	-0.000000
chat	w:fast	0.000000
chat	w:features	0.000000
chat	w:file	0.274706
chat	w:files	0.000000
chat	w:firefox	0.000000
chat	w:firmware	0.000000
chat	w:fish	0.000000
chat	w:flexible	0.000000
chat	w:font	-0.000000
chat	w:fonts	-0.000000
chat	w:fork	0.766460
chat	w:format	0.511864
chat	w:framework	0.000000
chat	w:free	0.195715
chat	w:freshrss	0.000000
chat	w:functionality	0.000000
chat	w:functions	0.000000
chat	w:game	-0.000000
chat	w:games	0.000000
chat	w:generator	0.000000
chat	w:ghidra	0.000000
chat	w:gnome	0.000000
chat	w:gnu	0.000000
chat	w:google	0.000000
chat	w:grafana	0.000000
chat	w:gui	0.000000
chat	w:handling	0.000000
chat	w:hardware	0.000000
chat	w:hashes	0.000000
chat	w:helm	0.000000
chat	w:high	0.000000
chat	w:high-performance	0.000000
chat	w:highlighting	0.000000
chat	w:home	0.000000
chat	w:http	0.511864
chat	w:hyphen	0.000000
chat	w:hyprland	0.000000
chat	w:ibus	0.000000
chat	w:ide	-0.000000
chat	w:image	0.000000
chat	w:implementation	-0.000000
chat	w:including	0.000000
chat	w:indian	0.000000
chat	w:indicator	0.000000
chat	w:information	0.000000
chat	w:injection	0.000000
chat	w:input	0.000000
chat	w:install	0.000000
chat	w:integrate	0.000000
chat	w:integrates	0.000000
chat	w:integration	0.000000
chat	w:intel	0.000000
chat	w:interface	0.000000
chat	w:iosevka	0.000000
chat	w:jack	0.000000
chat	w:java	0.000000
chat	w:javascript	0.000000
chat	w:jetbrains	0.000000
chat	w:json	0.000000
chat	w:kde	0.000000
chat	w:kernel	-0.000000
chat	w:keyboard	0.000000
chat	w:kio	0.000000
chat	w:kodi	0.000000
chat	w:kubernetes	0.000000
chat	w:language	0.100380
chat	w:languages	0.000000
chat	w:laptop	0.000000
chat	w:libraries	0.000000
chat	w:library	0.639331
chat	w:libreoffice	0.000000
chat	w:libretro	0.000000
chat	w:ligature	0.000000
chat	w:ligatures	0.000000
chat	w:lightweight	0.000000
chat	w:lilypond	0.000000
chat	w:line	0.000000
chat	w:linphone	3.378451
chat	w:linux	-0.000000
chat	w:lisp	0.000000
chat	w:lldb	0.000000
chat	w:llvm	0.000000
chat	w:lomiri	0.000000
chat	w:lua	0.511864
chat	w:lv2	0.000000
chat	w:lxqt	0.000000
chat	w:machine	0.000000
chat	w:make	0.000000
chat	w:makes	0.000000
chat	w:man	0.000000
chat	w:manage	0.000000
chat	w:management	0.000000
chat	w:manager	-0.000000
chat	w:many	0.000000
chat	w:markdown	0.000000
chat	w:menu	0.000000
chat	w:method	0.000000
chat	w:mimicking	0.000000
chat	w:minecraft	0.000000
chat	w:minimal	0.000000
chat	w:mobile	0.000000
chat	w:mod	0.000000
chat	w:mode	0.000000
chat	w:model	0.000000
chat	w:modern	0.000000
chat	w:module	0.141666
chat	w:monitor	0.000000
chat	w:monitoring	0.000000
chat	w:mono	0.000000
chat	w:monospace	0.000000
chat	w:mopidy	0.000000
chat	w:multitran	0.000000
chat	w:music	0.000000
chat	w:native	0.000000
chat	w:neovim	0.000000
chat	w:nerd	-0.000000
chat	w:net	0.000000
chat	w:network	0.000000
chat	w:networking	0.000000
chat	w:new	0.000000
chat	w:nix	0.000000
chat	w:normal	0.000000
chat	w:notification	0.478309
chat	w:notifications	0.450357
chat	w:nvidia	0.000000
chat	w:obs	0.000000
chat	w:obtain	0.000000
chat	w:ocaml	0.000000
chat	w:official	0.000000
chat	w:one	0.426397
chat	w:open	-0.000000
chat	w:open-source	0.000000
chat	w:openjdk	0.000000
chat	w:optimization	0.000000
chat	w:original	0.000000
chat	w:package	0.000000
chat	w:page	0.000000
chat	w:pages	0.000000
chat	w:panel	0.000000
chat	w:pantheon	0.000000
chat	w:parser	0.000000
chat	w:pass	0.000000
chat	w:password	0.000000
chat	w:passwords	0.000000
chat	w:php	0.000000
chat	w:pim	0.000000
chat	w:plasma	-0.000000
chat	w:platform	0.000000
chat	w:player	0.000000
chat	w:playing	0.000000
chat	w:plug	0.000000
chat	w:plugin	1.084216
chat	w:plugins	0.405426
chat	w:port	0.000000
chat	w:postgresql	0.000000
chat	w:power	0.000000
chat	w:powerful	0.000000
chat	w:printer	0.000000
chat	w:process	0.000000
chat	w:program	0.000000
chat	w:programming	0.000000
chat	w:programs	0.000000
chat	w:project	1.749924
chat	w:protocol	0.599590
chat	w:provides	0.265822
chat	w:providing	0.000000
chat	w:puzzle	0.000000
chat	w:python	0.000000
chat	w:qml	0.000000
chat	w:quake	0.000000
chat	w:quickly	0.000000
chat	w:re-imagination	0.000000
chat	w:real-time	0.000000
chat	w:realtek	0.000000
chat	w:red	0.000000
chat	w:release	0.000000
chat	w:round	0.000000
chat	w:running	0.000000
chat	w:runtime	0.000000
chat	w:rust	0.000000
chat	w:scalable	0.000000
chat	w:scheme	0.000000
chat	w:script	1.423031
chat	w:scripts	0.000000
chat	w:sdk	0.000000
chat	w:search	0.853391
chat	w:security	0.000000
chat	w:server	0.184559
chat	w:service	0.000000
chat	w:session	0.000000
chat	w:set	0.000000
chat	w:settings	0.000000
chat	w:shell	-0.000000
chat	w:simple	0.000000
chat	w:single	0.000000
chat	w:skk	0.000000
chat	w:small	0.000000
chat	w:software	0.000000
chat	w:some	0.000000
chat	w:sound	0.000000
chat	w:source	-0.000000
chat	w:ssh	0.000000
chat	w:standard	0.340709
chat	w:state	0.000000
chat	w:status	0.000000
chat	w:studio	0.000000
chat	w:style	0.000000
chat	w:suite	0.000000
chat	w:support	0.137488
chat	w:supporting	0.000000
chat	w:swift	0.000000
chat	w:switchboard	0.000000
chat	w:syntax	0.000000
chat	w:system	-0.000000
chat	w:systems	0.000000
chat	w:terminal	0.000000
chat	w:test	0.000000
chat	w:text	0.000000
chat	w:theme	0.000000
chat	w:through	0.450357
chat	w:time	0.000000
chat	w:tiny	0.000000
chat	w:tmux	0.000000
chat	w:tool	-0.000000
chat	w:toolchain	0.000000
chat	w:tools	0.000000
chat	w:top	0.000000
chat	w:touch	0.000000
chat	w:translatelocally	0.000000
chat	w:tree	0.000000
chat	w:typing	0.511864
chat	w:ubuntu	0.000000
chat	w:unhinted	0.000000
chat	w:unicode	0.000000
chat	w:useful	0.000000
chat	w:user	0.000000
chat	w:uses	0.000000
chat	w:utilities	0.000000
chat	w:utility	0.000000
chat	w:values	0.000000
chat	w:variant	0.000000
chat	w:various	0.000000
chat	w:vdr	0.000000
chat	w:version	0.000000
chat	w:video	0.000000
chat	w:view	0.000000
chat	w:viewer	0.000000
chat	w:vim	0.000000
chat	w:virtual	0.000000
chat	w:visual	0.000000
chat	w:wayland	0.000000
chat	w:web	0.000000
chat	w:weechat	4.185575
chat	w:width	0.000000
chat	w:window	0.000000
chat	w:windows	0.000000
chat	w:wingpanel	0.000000
chat	w:work	0.000000
chat	w:working	0.000000
chat	w:wrapper	0.000000
chat	w:written	0.000000
chat	w:x86	0.000000
chat	w:yamagi	0.000000
chat	w:znc	0.450357
cloud	builder:buildDotnetModule	0.000000
cloud	builder:buildDunePackage	0.000000
cloud	builder:buildEnv	0.000000
cloud	builder:buildFHSEnv	0.000000
cloud	builder:buildGoModule	3.337995
cloud	builder:buildHomeAssistantComponent	0.000000
cloud	builder:buildKodiAddon	0.000000
cloud	builder:buildNpmPackage	0.000000
cloud	builder:buildPythonApplication	0.230735
cloud	builder:buildPythonPackage	1.320399
cloud	builder:fetchurl	-0.320432
cloud	builder:fetchzip	0.056992
cloud	builder:mkDerivation	0.000000
cloud	builder:runCommand	0.183660
cloud	builder:rustPlatform.buildRustPackage	0.000000
cloud	builder:stdenv.mkDerivation	-0.618155
cloud	builder:stdenvNoCC.mkDerivation	-0.000000
cloud	builder:symlinkJoin	0.000000
cloud	builder:vimUtils.buildVimPlugin	0.000000
cloud	desktop:true	0.000000
cloud	gui:gtk3	-0.000000
cloud	gui:gtk4	0.000000
cloud	gui:wrapGAppsHook3	-0.000000
cloud	gui:wrapGAppsHook4	0.000000
cloud	gui:wrapQtAppsHook	-0.000000
cloud	has:mainProgram	0.464990
cloud	host:brother.com	0.000000
cloud	host:buildbot.net	0.000000
cloud	host:ctan.org	0.000000
cloud	host:developer.android.com	0.000000
cloud	host:dotnet.github.io	0.000000
cloud	host:eclipse.org	0.000000
cloud	host:enlightenment.org	0.000000
cloud	host:extensions.gnome.org	0.000000
cloud	host:ftp.gnu.org	0.000000
cloud	host:gitlab.linphone.org	0.000000
cloud	host:gnu.org	0.000000
cloud	host:grafana.com	0.000000
cloud	host:invent.kde.org	-0.000000
cloud	host:jetbrains.com	0.000000
cloud	host:kernel.org	0.000000
cloud	host:lilypond.org	0.000000
cloud	host:multitran.sourceforge.net	0.000000
cloud	host:nerdfonts.com	0.000000
cloud	host:open-music-kontrollers.ch	0.000000
cloud	host:opensource.apple.com	0.000000
cloud	host:optifine.net	0.000000
cloud	host:pagure.io	0.000000
cloud	host:translatelocally.com	0.000000
cloud	host:web.archive.org	0.000000
cloud	host:wiki.call-cc.org	0.000000
cloud	host:wiki.documentfoundation.org	0.000000
cloud	license:AGPL-3.0-only	0.000000
cloud	license:APSL-1.0	0.000000
cloud	license:APSL-2.0	0.000000
cloud	license:Apache-2.0	1.922387
cloud	license:Artistic-2.0	0.000000
cloud	license:BSD-2-Clause	-0.000000
cloud	license:BSD-3-Clause	-0.000000
cloud	license:BSL-1.0	0.000000
cloud	license:CC-BY-4.0	0.000000
cloud	license:CC-BY-SA-3.0	0.000000
cloud	license:CC-BY-SA-4.0	-0.000000
cloud	license:CC0-1.0	-0.000000
cloud	license:Classpath-exception-2.0	0.000000
cloud	license:EPL-1.0	0.000000
cloud	license:FSFAP	0.000000
cloud	license:GPL-2.0	-0.000000
cloud	license:GPL-2.0-only	-0.000000
cloud	license:GPL-2.0-or-later	-0.000000
cloud	license:GPL-3.0	-0.000000
cloud	license:GPL-3.0-only	-0.000000
cloud	license:GPL-3.0-or-later	-0.000000
cloud	license:ISC	0.000000
cloud	license:LGPL-2.0-only	-0.000000
cloud	license:LGPL-2.0-or-later	-0.000000
cloud	license:LGPL-2.1	0.000000
cloud	license:LGPL-2.1-only	-0.000000
cloud	license:LGPL-2.1-or-later	-0.000000
cloud	license:LGPL-3.0-only	0.464070
cloud	license:LGPL-3.0-or-later	-0.000000
cloud	license:LPPL-1.3c	0.000000
cloud	license:MIT	0.196855
cloud	license:MPL-2.0	-0.000000
cloud	license:OFL-1.1	-0.000000
cloud	license:PostgreSQL	0.000000
cloud	license:Unlicense	0.000000
cloud	license:free	0.000000
cloud	license:publicDomain	0.000000
cloud	license:unfree	-0.000000
cloud	license:unfreeRedistributable	0.000000
cloud	name:prefix:kde-	0.000000
cloud	name:prefix:lib	-0.000000
cloud	name:suffix-bin	0.000000
cloud	name:suffix-driver	0.000000
cloud	name:suffix-server	0.000000
cloud	name:suffix-theme	0.000000
cloud	name:suffix-tools	0.000000
cloud	svc:true	0.501367
cloud	w:about	0.000000
cloud	w:access	0.000000
cloud	w:addon	0.000000
cloud	w:adds	0.000000
cloud	w:advanced	0.000000
cloud	w:agent	0.000000
cloud	w:akonadi	0.000000
cloud	w:alert	0.000000
cloud	w:allows	0.000000
cloud	w:also	0.534955
cloud	w:alternative	0.000000
cloud	w:amd	0.000000
cloud	w:analysis	0.000000
cloud	w:android	0.000000
cloud	w:api	0.000000
cloud	w:app	0.000000
cloud	w:application	0.000000
cloud	w:applications	0.000000
cloud	w:apps	0.000000
cloud	w:around	0.000000
cloud	w:aspell	0.000000
cloud	w:assist	0.000000
cloud	w:assistant	0.000000
cloud	w:audio	0.000000
cloud	w:base	0.000000
cloud	w:berkeley	0.000000
cloud	w:between	0.000000
cloud	w:binary	0.000000
cloud	w:bluetooth	0.000000
cloud	w:brother	0.000000
cloud	w:browser	0.000000
cloud	w:build	0.000000
cloud	w:buildbot	0.000000
cloud	w:building	0.501400
cloud	w:built	0.000000
cloud	w:but	0.000000
cloud	w:c++	0.000000
cloud	w:calculator	0.000000
cloud	w:calendar	0.000000
cloud	w:capture	0.000000
cloud	w:cards	0.000000
cloud	w:channel	0.000000
cloud	w:characters	0.000000
cloud	w:check	0.000000
cloud	w:chicken	0.000000
cloud	w:clang	0.000000
cloud	w:clean	0.000000
cloud	w:client	-0.000000
cloud	w:clients	0.000000
cloud	w:cloud	1.077304
cloud	w:code	0.000000
cloud	w:collection	0.000000
cloud	w:color	0.000000
cloud	w:command	-0.000000
cloud	w:commands	0.000000
cloud	w:common	0.000000
cloud	w:compiler	0.000000
cloud	w:component	0.000000
cloud	w:components	0.000000
cloud	w:condensed	0.000000
cloud	w:configuration	0.000000
cloud	w:connect	0.000000
cloud	w:conquer	0.000000
cloud	w:console	0.000000
cloud	w:control	0.000000
cloud	w:controller	0.000000
cloud	w:controlling	0.000000
cloud	w:core	0.000000
cloud	w:corner	0.000000
cloud	w:create	0.000000
cloud	w:custom	0.000000
cloud	w:customizable	0.000000
cloud	w:daemon	0.000000
cloud	w:darwin	0.000000
cloud	w:data	0.250320
cloud	w:database	0.000000
cloud	w:deadbeef	0.000000
cloud	w:designed	0.000000
cloud	w:desktop	0.000000
cloud	w:developers	0.000000
cloud	w:development	0.000000
cloud	w:device	0.000000
cloud	w:devices	0.000000
cloud	w:dictionary	-0.000000
cloud	w:disk	0.000000
cloud	w:display	0.000000
cloud	w:displays	0.000000
cloud	w:distributed	0.409871
cloud	w:distribution	1.780792
cloud	w:documentation	0.000000
cloud	w:documents	0.000000
cloud	w:dotted	0.000000
cloud	w:driver	-0.000000
cloud	w:drivers	0.000000
cloud	w:easy	0.000000
cloud	w:eclipse	0.000000
cloud	w:editor	0.000000
cloud	w:efficient	0.000000
cloud	w:elementary	0.000000
cloud	w:elm	0.000000
cloud	w:embedded	0.000000
cloud	w:emulator	0.000000
cloud	w:engine	0.000000
cloud	w:english	0.000000
cloud	w:environment	0.000000
cloud	w:extensible	0.000000
cloud	w:extension	-0.000000
cloud	w:fast	0.000000
cloud	w:features	0.000000
cloud	w:file	0.000000
cloud	w:files	0.230735
cloud	w:firefox	0.000000
cloud	w:firmware	0.000000
cloud	w:fish	0.000000
cloud	w:flexible	0.000000
cloud	w:font	-0.000000
cloud	w:fonts	-0.000000
cloud	w:fork	0.000000
cloud	w:format	0.000000
cloud	w:framework	0.741116
cloud	w:free	0.000000
cloud	w:freshrss	0.000000
cloud	w:functionality	0.000000
cloud	w:functions	0.000000
cloud	w:game	-0.000000
cloud	w:games	0.000000
cloud	w:generator	0.000000
cloud	w:ghidra	0.000000
cloud	w:gnome	0.000000
cloud	w:gnu	0.000000
cloud	w:google	0.000000
cloud	w:grafana	0.000000
cloud	w:gui	0.000000
cloud	w:handling	0.000000
cloud	w:hardware	0.000000
cloud	w:hashes	0.000000
cloud	w:helm	4.296419
cloud	w:high	0.000000
cloud	w:high-performance	0.000000
cloud	w:highlighting	0.000000
cloud	w:home	0.000000
cloud	w:http	0.000000
cloud	w:hyphen	0.000000
cloud	w:hyprland	0.000000
cloud	w:ibus	0.000000
cloud	w:ide	-0.000000
cloud	w:image	0.000000
cloud	w:implementation	-0.000000
cloud	w:including	0.000000
cloud	w:indian	0.000000
cloud	w:indicator	0.000000
cloud	w:information	0.000000
cloud	w:injection	0.000000
cloud	w:input	0.000000
cloud	w:install	0.000000
cloud	w:integrate	0.000000
cloud	w:integrates	0.000000
cloud	w:integration	0.000000
cloud	w:intel	0.000000
cloud	w:interface	0.327620
cloud	w:iosevka	0.000000
cloud	w:jack	0.000000
cloud	w:java	0.000000
cloud	w:javascript	0.000000
cloud	w:jetbrains	0.000000
cloud	w:json	0.473448
cloud	w:kde	0.000000
cloud	w:kernel	-0.000000
cloud	w:keyboard	0.000000
cloud	w:kio	0.000000
cloud	w:kodi	0.000000
cloud	w:kubernetes	3.024409
cloud	w:language	-0.000000
cloud	w:languages	0.000000
cloud	w:laptop	0.000000
cloud	w:libraries	0.000000
cloud	w:library	-0.000000
cloud	w:libreoffice	0.000000
cloud	w:libretro	0.000000
cloud	w:ligature	0.000000
cloud	w:ligatures	0.000000
cloud	w:lightweight	0.363802
cloud	w:lilypond	0.000000
cloud	w:line	0.000000
cloud	w:linphone	0.000000
cloud	w:linux	0.126862
cloud	w:lisp	0.000000
cloud	w:lldb	0.000000
cloud	w:llvm	0.000000
cloud	w:lomiri	0.000000
cloud	w:lua	0.000000
cloud	w:lv2	0.000000
cloud	w:lxqt	0.000000
cloud	w:machine	0.000000
cloud	w:make	0.000000
cloud	w:makes	0.000000
cloud	w:man	0.000000
cloud	w:manage	0.393081
cloud	w:management	0.000000
cloud	w:manager	0.197174
cloud	w:many	0.000000
cloud	w:markdown	0.000000
cloud	w:menu	0.000000
cloud	w:method	0.000000
cloud	w:mimicking	0.000000
cloud	w:minecraft	0.000000
cloud	w:minimal	0.000000
cloud	w:mobile	0.000000
cloud	w:mod	0.000000
cloud	w:mode	0.000000
cloud	w:model	0.000000
cloud	w:modern	0.000000
cloud	w:module	0.164765
cloud	w:monitor	0.000000
cloud	w:monitoring	0.000000
cloud	w:mono	0.000000
cloud	w:monospace	0.000000
cloud	w:mopidy	0.000000
cloud	w:multitran	0.000000
cloud	w:music	0.000000
cloud	w:native	0.534955
cloud	w:neovim	0.000000
cloud	w:nerd	0.000000
cloud	w:net	0.000000
cloud	w:network	1.118634
cloud	w:networking	1.780792
cloud	w:new	0.000000
cloud	w:nix	0.000000
cloud	w:normal	0.000000
cloud	w:notification	0.000000
cloud	w:notifications	0.000000
cloud	w:nvidia	0.000000
cloud	w:obs	0.000000
cloud	w:obtain	0.000000
cloud	w:ocaml	0.000000
cloud	w:official	0.000000
cloud	w:one	0.000000
cloud	w:open	-0.000000
cloud	w:open-source	0.000000
cloud	w:openjdk	0.000000
cloud	w:optimization	0.000000
cloud	w:original	0.000000
cloud	w:package	0.703821
cloud	w:page	0.000000
cloud	w:pages	0.000000
cloud	w:panel	0.000000
cloud	w:pantheon	0.000000
cloud	w:parser	0.000000
cloud	w:pass	0.000000
cloud	w:password	0.000000
cloud	w:passwords	0.000000
cloud	w:php	0.000000
cloud	w:pim	0.000000
cloud	w:plasma	0.000000
cloud	w:platform	0.000000
cloud	w:player	0.000000
cloud	w:playing	0.000000
cloud	w:plug	0.000000
cloud	w:plugin	1.578969
cloud	w:plugins	0.428518
cloud	w:port	0.280471
cloud	w:postgresql	0.000000
cloud	w:power	0.000000
cloud	w:powerful	0.000000
cloud	w:printer	0.000000
cloud	w:process	0.000000
cloud	w:program	0.000000
cloud	w:programming	0.000000
cloud	w:programs	0.000000
cloud	w:project	0.000000
cloud	w:protocol	0.272422
cloud	w:provides	0.288916
cloud	w:providing	0.000000
cloud	w:puzzle	0.000000
cloud	w:python	0.000000
cloud	w:qml	0.000000
cloud	w:quake	0.000000
cloud	w:quickly	0.000000
cloud	w:re-imagination	0.000000
cloud	w:real-time	0.000000
cloud	w:realtek	0.000000
cloud	w:red	0.000000
cloud	w:release	0.000000
cloud	w:round	0.000000
cloud	w:running	0.534955
cloud	w:runtime	0.000000
cloud	w:rust	0.000000
cloud	w:scalable	0.000000
cloud	w:scheme	0.000000
cloud	w:script	0.000000
cloud	w:scripts	0.000000
cloud	w:sdk	0.000000
cloud	w:search	0.000000
cloud	w:security	1.149296
cloud	w:server	0.000000
cloud	w:service	0.327620
cloud	w:session	0.000000
cloud	w:set	0.409871
cloud	w:settings	0.000000
cloud	w:shell	0.000000
cloud	w:simple	0.317090
cloud	w:single	0.000000
cloud	w:skk	0.000000
cloud	w:small	0.000000
cloud	w:software	0.000000
cloud	w:some	0.449489
cloud	w:sound	0.000000
cloud	w:source	-0.000000
cloud	w:ssh	0.000000
cloud	w:standard	0.363802
cloud	w:state	0.000000
cloud	w:status	0.000000
cloud	w:studio	0.000000
cloud	w:style	0.000000
cloud	w:suite	0.000000
cloud	w:support	0.160588
cloud	w:supporting	0.000000
cloud	w:swift	0.000000
cloud	w:switchboard	0.000000
cloud	w:syntax	0.000000
cloud	w:system	-0.000000
cloud	w:systems	0.000000
cloud	w:terminal	0.000000
cloud	w:test	0.393081
cloud	w:text	0.000000
cloud	w:theme	0.000000
cloud	w:through	0.000000
cloud	w:time	0.000000
cloud	w:tiny	0.000000
cloud	w:tmux	0.000000
cloud	w:tool	0.402067
cloud	w:toolchain	0.000000
cloud	w:tools	0.000000
cloud	w:top	0.000000
cloud	w:touch	0.000000
cloud	w:translatelocally	0.000000
cloud	w:tree	0.000000
cloud	w:typing	0.000000
cloud	w:ubuntu	0.000000
cloud	w:unhinted	0.000000
cloud	w:unicode	0.000000
cloud	w:useful	0.000000
cloud	w:user	0.000000
cloud	w:uses	0.000000
cloud	w:utilities	0.350865
cloud	w:utility	0.000000
cloud	w:values	0.534955
cloud	w:variant	0.000000
cloud	w:various	0.000000
cloud	w:vdr	0.000000
cloud	w:version	0.000000
cloud	w:video	0.000000
cloud	w:view	0.000000
cloud	w:viewer	0.000000
cloud	w:vim	0.000000
cloud	w:virtual	0.000000
cloud	w:visual	0.000000
cloud	w:wayland	0.000000
cloud	w:web	0.000000
cloud	w:weechat	0.000000
cloud	w:width	0.000000
cloud	w:window	0.000000
cloud	w:windows	0.000000
cloud	w:wingpanel	0.000000
cloud	w:work	0.534955
cloud	w:working	0.000000
cloud	w:wrapper	0.000000
cloud	w:written	0.000000
cloud	w:x86	0.000000
cloud	w:yamagi	0.000000
cloud	w:znc	0.000000
database	builder:buildDotnetModule	0.000000
database	builder:buildDunePackage	0.000000
database	builder:buildEnv	-0.000000
database	builder:buildFHSEnv	0.000000
database	builder:buildGoModule	-0.000000
database	builder:buildHomeAssistantComponent	0.000000
database	builder:buildKodiAddon	0.000000
database	builder:buildNpmPackage	0.000000
database	builder:buildPythonApplication	-0.000000
database	builder:buildPythonPackage	0.000000
database	builder:fetchurl	0.257605
database	builder:fetchzip	-0.000000
database	builder:mkDerivation	-0.000000
database	builder:runCommand	-0.000000
database	builder:rustPlatform.buildRustPackage	-0.000000
database	builder:stdenv.mkDerivation	-0.153127
database	builder:stdenvNoCC.mkDerivation	-0.000000
database	builder:symlinkJoin	-0.000000
database	builder:vimUtils.buildVimPlugin	0.000000
database	desktop:true	-0.000000
database	gui:gtk3	-0.000000
database	gui:gtk4	-0.000000
database	gui:wrapGAppsHook3	-0.000000
database	gui:wrapGAppsHook4	0.000000
database	gui:wrapQtAppsHook	-0.000000
database	has:mainProgram	-0.000000
database	host:brother.com	0.000000
database	host:buildbot.net	0.000000
database	host:ctan.org	0.000000
database	host:developer.android.com	0.000000
database	host:dotnet.github.io	0.000000
database	host:eclipse.org	0.000000
database	host:enlightenment.org	0.000000
database	host:extensions.gnome.org	0.000000
database	host:ftp.gnu.org	0.000000
database	host:gitlab.linphone.org	0.000000
database	host:gnu.org	0.000000
database	host:grafana.com	0.000000
database	host:invent.kde.org	-0.000000
database	host:jetbrains.com	0.000000
database	host:kernel.org	0.000000
database	host:lilypond.org	0.000000
database	host:multitran.sourceforge.net	0.000000
database	host:nerdfonts.com	0.000000
database	host:open-music-kontrollers.ch	0.000000
database	host:opensource.apple.com	0.000000
database	host:optifine.net	0.000000
database	host:pagure.io	0.000000
database	host:translatelocally.com	0.000000
database	host:web.archive.org	0.000000
database	host:wiki.call-cc.org	0.000000
database	host:wiki.documentfoundation.org	0.000000
database	license:AGPL-3.0-only	0.810627
database	license:APSL-1.0	0.000000
database	license:APSL-2.0	0.000000
database	license:Apache-2.0	1.542457
database	license:Artistic-2.0	0.000000
database	license:BSD-2-Clause	-0.000000
database	license:BSD-3-Clause	-0.228612
database	license:BSL-1.0	0.000000
database	license:CC-BY-4.0	0.000000
database	license:CC-BY-SA-3.0	0.000000
database	license:CC-BY-SA-4.0	-0.000000
database	license:CC0-1.0	-0.000000
database	license:Classpath-exception-2.0	0.000000
database	license:EPL-1.0	0.000000
database	license:FSFAP	0.000000
database	license:GPL-2.0	-0.000000
database	license:GPL-2.0-only	-0.000000
database	license:GPL-2.0-or-later	-0.289756
database	license:GPL-3.0	-0.000000
database	license:GPL-3.0-only	-0.121574
database	license:GPL-3.0-or-later	-0.000000
database	license:ISC	0.000000
database	license:LGPL-2.0-only	-0.000000
database	license:LGPL-2.0-or-later	-0.000000
database	license:LGPL-2.1	0.000000
database	license:LGPL-2.1-only	-0.000000
database	license:LGPL-2.1-or-later	-0.042322
database	license:LGPL-3.0-only	-0.000000
database	license:LGPL-3.0-or-later	-0.000000
database	license:LPPL-1.3c	0.000000
database	license:MIT	-0.284826
database	license:MPL-2.0	-0.000000
database	license:OFL-1.1	-0.000000
database	license:PostgreSQL	3.986615
database	license:Unlicense	0.000000
database	license:free	0.000000
database	license:publicDomain	0.000000
database	license:unfree	-0.000000
database	license:unfreeRedistributable	0.000000
database	name:prefix:kde-	0.000000
database	name:prefix:lib	0.089164
database	name:suffix-bin	0.000000
database	name:suffix-driver	0.000000
database	name:suffix-server	0.000000
database	name:suffix-theme	0.000000
database	name:suffix-tools	0.000000
database	svc:true	1.324582
database	w:about	0.000000
database	w:access	0.000000
database	w:addon	0.000000
database	w:adds	0.283544
database	w:advanced	0.000000
database	w:agent	0.000000
database	w:akonadi	0.000000
database	w:alert	0.000000
database	w:allows	0.000000
database	w:also	0.000000
database	w:alternative	0.000000
database	w:amd	0.000000
database	w:analysis	0.774677
database	w:android	0.000000
database	w:api	0.406132
database	w:app	0.000000
database	w:application	-0.000000
database	w:applications	0.000000
database	w:apps	0.000000
database	w:around	0.000000
database	w:aspell	0.000000
database	w:assist	0.000000
database	w:assistant	0.000000
database	w:audio	0.000000
database	w:base	0.000000
database	w:berkeley	0.000000
database	w:between	0.000000
database	w:binary	0.000000
database	w:bluetooth	0.000000
database	w:brother	0.000000
database	w:browser	0.000000
database	w:build	0.000000
database	w:buildbot	0.000000
database	w:building	0.434085
database	w:built	0.000000
database	w:but	0.434085
database	w:c++	0.000000
database	w:calculator	0.000000
database	w:calendar	0.000000
database	w:capture	0.000000
database	w:cards	0.000000
database	w:channel	0.000000
database	w:characters	0.000000
database	w:check	0.000000
database	w:chicken	0.000000
database	w:clang	0.000000
database	w:clean	0.000000
database	w:client	0.369457
database	w:clients	0.000000
database	w:cloud	0.434085
database	w:code	-0.000000
database	w:collection	0.000000
database	w:color	0.000000
database	w:command	-0.000000
database	w:commands	0.000000
database	w:common	0.000000
database	w:compiler	0.000000
database	w:component	0.000000
database	w:components	0.000000
database	w:condensed	0.000000
database	w:configuration	0.000000
database	w:connect	0.467640
database	w:conquer	0.000000
database	w:console	0.000000
database	w:control	0.000000
database	w:controller	0.000000
database	w:controlling	0.000000
database	w:core	0.000000
database	w:corner	0.000000
database	w:create	0.000000
database	w:custom	0.000000
database	w:customizable	0.000000
database	w:daemon	0.000000
database	w:darwin	0.000000
database	w:data	0.481271
database	w:database	2.022187
database	w:deadbeef	0.000000
database	w:designed	0.000000
database	w:desktop	-0.000000
database	w:developers	0.000000
database	w:development	0.000000
database	w:device	0.000000
database	w:devices	-0.000000
database	w:dictionary	-0.000000
database	w:disk	0.000000
database	w:display	0.000000
database	w:displays	0.000000
database	w:distributed	1.617310
database	w:distribution	0.000000
database	w:documentation	0.000000
database	w:documents	0.000000
database	w:dotted	0.000000
database	w:driver	-0.000000
database	w:drivers	0.000000
database	w:easy	0.000000
database	w:eclipse	0.000000
database	w:editor	0.000000
database	w:efficient	1.029137
database	w:elementary	0.000000
database	w:elm	0.000000
database	w:embedded	0.000000
database	w:emulator	0.000000
database	w:engine	0.230476
database	w:english	0.000000
database	w:environment	0.000000
database	w:extensible	0.000000
database	w:extension	0.633174
database	w:fast	0.000000
database	w:features	0.000000
database	w:file	0.000000
database	w:files	-0.000000
database	w:firefox	0.000000
database	w:firmware	0.000000
database	w:fish	0.000000
database	w:flexible	0.000000
database	w:font	-0.000000
database	w:fonts	-0.000000
database	w:fork	0.000000
database	w:format	0.000000
database	w:framework	0.260297
database	w:free	-0.000000
database	w:freshrss	0.000000
database	w:functionality	0.000000
database	w:functions	0.957144
database	w:game	-0.000000
database	w:games	0.000000
database	w:generator	0.000000
database	w:ghidra	0.000000
database	w:gnome	0.000000
database	w:gnu	0.000000
database	w:google	0.406132
database	w:grafana	0.000000
database	w:gui	0.000000
database	w:handling	0.000000
database	w:hardware	0.000000
database	w:hashes	0.000000
database	w:helm	0.000000
database	w:high	0.467640
database	w:high-performance	0.434085
database	w:highlighting	0.000000
database	w:home	0.000000
database	w:http	0.467640
database	w:hyphen	0.000000
database	w:hyprland	0.000000
database	w:ibus	0.000000
database	w:ide	-0.000000
database	w:image	0.000000
database	w:implementation	-0.000000
database	w:including	0.000000
database	w:indian	0.000000
database	w:indicator	0.000000
database	w:information	0.325762
database	w:injection	0.000000
database	w:input	0.000000
database	w:install	0.000000
database	w:integrate	0.000000
database	w:integrates	0.957144
database	w:integration	0.000000
database	w:intel	0.000000
database	w:interface	0.000000
database	w:iosevka	0.000000
database	w:jack	0.000000
database	w:java	0.000000
database	w:javascript	0.000000
database	w:jetbrains	0.000000
database	w:json	0.000000
database	w:kde	-0.000000
database	w:kernel	-0.000000
database	w:keyboard	0.000000
database	w:kio	0.000000
database	w:kodi	0.000000
database	w:kubernetes	0.000000
database	w:language	0.257498
database	w:languages	0.000000
database	w:laptop	0.000000
database	w:libraries	0.000000
database	w:library	0.129819
database	w:libreoffice	0.000000
database	w:libretro	0.000000
database	w:ligature	0.000000
database	w:ligatures	0.000000
database	w:lightweight	0.296482
database	w:lilypond	0.000000
database	w:line	-0.000000
database	w:linphone	0.000000
database	w:linux	-0.000000
database	w:lisp	0.000000
database	w:lldb	0.000000
database	w:llvm	0.000000
database	w:lomiri	0.000000
database	w:lua	0.000000
database	w:lv2	0.000000
database	w:lxqt	0.000000
database	w:machine	0.000000
database	w:make	0.000000
database	w:makes	0.000000
database	w:man	0.000000
database	w:manage	0.000000
database	w:management	0.000000
database	w:manager	-0.000000
database	w:many	0.000000
database	w:markdown	0.000000
database	w:menu	0.000000
database	w:method	0.406132
database	w:mimicking	0.000000
database	w:minecraft	0.000000
database	w:minimal	0.000000
database	w:mobile	0.000000
database	w:mod	0.000000
database	w:mode	0.000000
database	w:model	0.000000
database	w:modern	0.000000
database	w:module	0.097424
database	w:monitor	0.000000
database	w:monitoring	0.000000
database	w:mono	0.000000
database	w:monospace	0.000000
database	w:mopidy	0.000000
database	w:multitran	0.000000
database	w:music	0.000000
database	w:native	0.000000
database	w:neovim	0.000000
database	w:nerd	-0.000000
database	w:net	0.000000
database	w:network	0.000000
database	w:networking	0.000000
database	w:new	0.000000
database	w:nix	0.000000
database	w:normal	0.000000
database	w:notification	0.000000
database	w:notifications	0.000000
database	w:nvidia	0.000000
database	w:obs	0.000000
database	w:obtain	0.000000
database	w:ocaml	0.000000
database	w:official	0.000000
database	w:one	0.000000
database	w:open	0.447467
database	w:open-source	0.000000
database	w:openjdk	0.000000
database	w:optimization	0.000000
database	w:original	0.000000
database	w:package	0.000000
database	w:page	0.467640
database	w:pages	0.000000
database	w:panel	0.000000
database	w:pantheon	0.000000
database	w:parser	0.000000
database	w:pass	0.000000
database	w:password	0.000000
database	w:passwords	0.000000
database	w:php	0.000000
database	w:pim	0.000000
database	w:plasma	-0.000000
database	w:platform	0.000000
database	w:player	0.000000
database	w:playing	0.000000
database	w:plug	0.000000
database	w:plugin	0.553258
database	w:plugins	0.000000
database	w:port	0.000000
database	w:postgresql	5.769411
database	w:power	0.000000
database	w:powerful	0.000000
database	w:printer	0.000000
database	w:process	0.000000
database	w:program	0.000000
database	w:programming	-0.000000
database	w:programs	0.000000
database	w:project	0.000000
database	w:protocol	0.000000
database	w:provides	0.000000
database	w:providing	0.000000
database	w:puzzle	0.000000
database	w:python	0.000000
database	w:qml	0.000000
database	w:quake	0.000000
database	w:quickly	0.000000
database	w:re-imagination	0.000000
database	w:real-time	0.000000
database	w:realtek	0.000000
database	w:red	0.000000
database	w:release	0.000000
database	w:round	0.000000
database	w:running	0.000000
database	w:runtime	0.000000
database	w:rust	0.000000
database	w:scalable	1.395361
database	w:scheme	0.000000
database	w:script	0.000000
database	w:scripts	0.000000
database	w:sdk	0.000000
database	w:search	1.617310
database	w:security	0.000000
database	w:server	-0.000000
database	w:service	0.000000
database	w:session	0.000000
database	w:set	0.000000
database	w:settings	0.000000
database	w:shell	-0.000000
database	w:simple	0.000000
database	w:single	0.000000
database	w:skk	0.000000
database	w:small	0.000000
database	w:software	0.000000
database	w:some	0.000000
database	w:sound	0.000000
database	w:source	0.325082
database	w:ssh	0.000000
database	w:standard	0.000000
database	w:state	0.000000
database	w:status	0.000000
database	w:studio	0.000000
database	w:style	0.000000
database	w:suite	0.000000
database	w:support	0.572003
database	w:supporting	0.000000
database	w:swift	0.000000
database	w:switchboard	0.000000
database	w:syntax	0.000000
database	w:system	0.101704
database	w:systems	0.000000
database	w:terminal	0.000000
database	w:test	0.000000
database	w:text	0.249766
database	w:theme	0.000000
database	w:through	0.000000
database	w:time	0.000000
database	w:tiny	0.000000
database	w:tmux	0.000000
database	w:tool	0.070061
database	w:toolchain	0.000000
database	w:tools	0.000000
database	w:top	0.342553
database	w:touch	0.000000
database	w:translatelocally	0.000000
database	w:tree	0.000000
database	w:typing	0.000000
database	w:ubuntu	0.000000
database	w:unhinted	0.000000
database	w:unicode	0.000000
database	w:useful	0.000000
database	w:user	0.000000
database	w:uses	0.851702
database	w:utilities	0.000000
database	w:utility	0.000000
database	w:values	0.467640
database	w:variant	0.000000
database	w:various	0.000000
database	w:vdr	0.000000
database	w:version	0.000000
database	w:video	0.000000
database	w:view	0.000000
database	w:viewer	0.000000
database	w:vim	0.000000
database	w:virtual	0.000000
database	w:visual	0.000000
database	w:wayland	0.000000
database	w:web	0.176211
database	w:weechat	0.000000
database	w:width	0.000000
database	w:window	0.000000
database	w:windows	0.000000
database	w:wingpanel	0.000000
database	w:work	0.000000
database	w:working	0.000000
database	w:wrapper	-0.000000
database	w:written	0.000000
database	w:x86	0.000000
database	w:yamagi	0.000000
database	w:znc	0.000000
desktop	builder:buildDotnetModule	-0.000000
desktop	builder:buildDunePackage	-0.000000
desktop	builder:buildEnv	-0.000000
desktop	builder:buildFHSEnv	-0.000000
desktop	builder:buildGoModule	-0.000000
desktop	builder:buildHomeAssistantComponent	-0.000000
desktop	builder:buildKodiAddon	-0.000000
desktop	builder:buildNpmPackage	-0.000000
desktop	builder:buildPythonApplication	-0.000000
desktop	builder:buildPythonPackage	-0.000000
desktop	builder:fetchurl	-1.926350
desktop	builder:fetchzip	0.010212
desktop	builder:mkDerivation	-0.386365
desktop	builder:runCommand	-0.539015
desktop	builder:rustPlatform.buildRustPackage	-0.000000
desktop	builder:stdenv.mkDerivation	-0.687547
desktop	builder:stdenvNoCC.mkDerivation	-1.171984
desktop	builder:symlinkJoin	-0.000000
desktop	builder:vimUtils.buildVimPlugin	-0.000000
desktop	desktop:true	-0.000000
desktop	gui:gtk3	0.353060
desktop	gui:gtk4	2.190234
desktop	gui:wrapGAppsHook3	0.549793
desktop	gui:wrapGAppsHook4	2.639012
desktop	gui:wrapQtAppsHook	2.837758
desktop	has:mainProgram	0.628023
desktop	host:brother.com	-0.000000
desktop	host:buildbot.net	-0.000000
desktop	host:ctan.org	-0.000000
desktop	host:developer.android.com	-0.000000
desktop	host:dotnet.github.io	-0.000000
desktop	host:eclipse.org	-0.000000
desktop	host:enlightenment.org	1.967169
desktop	host:extensions.gnome.org	3.832401
desktop	host:ftp.gnu.org	-0.000000
desktop	host:gitlab.linphone.org	-0.000000
desktop	host:gnu.org	-0.000000
desktop	host:grafana.com	-0.000000
desktop	host:invent.kde.org	7.954835
desktop	host:jetbrains.com	-0.000000
desktop	host:kernel.org	-0.000000
desktop	host:lilypond.org	-0.000000
desktop	host:multitran.sourceforge.net	-0.000000
desktop	host:nerdfonts.com	-0.000000
desktop	host:open-music-kontrollers.ch	-0.000000
desktop	host:opensource.apple.com	-0.000000
desktop	host:optifine.net	-0.000000
desktop	host:pagure.io	-0.000000
desktop	host:translatelocally.com	-0.000000
desktop	host:web.archive.org	-0.000000
desktop	host:wiki.call-cc.org	-0.000000
desktop	host:wiki.documentfoundation.org	-0.000000
desktop	license:AGPL-3.0-only	-0.000000
desktop	license:APSL-1.0	-0.000000
desktop	license:APSL-2.0	-0.000000
desktop	license:Apache-2.0	-1.119733
desktop	license:Artistic-2.0	-0.169565
desktop	license:BSD-2-Clause	2.204874
desktop	license:BSD-3-Clause	2.079124
desktop	license:BSL-1.0	0.125811
desktop	license:CC-BY-4.0	1.396018
desktop	license:CC-BY-SA-3.0	1.088336
desktop	license:CC-BY-SA-4.0	0.903604
desktop	license:CC0-1.0	5.972833
desktop	license:Classpath-exception-2.0	-0.000000
desktop	license:EPL-1.0	-0.000000
desktop	license:FSFAP	1.718470
desktop	license:GPL-2.0	-0.000000
desktop	license:GPL-2.0-only	0.847121
desktop	license:GPL-2.0-or-later	2.175070
desktop	license:GPL-3.0	-0.480416
desktop	license:GPL-3.0-only	2.500801
desktop	license:GPL-3.0-or-later	2.234665
desktop	license:ISC	-0.000000
desktop	license:LGPL-2.0-only	4.067614
desktop	license:LGPL-2.0-or-later	4.285547
desktop	license:LGPL-2.1	-0.000000
desktop	license:LGPL-2.1-only	2.902773
desktop	license:LGPL-2.1-or-later	2.722581
desktop	license:LGPL-3.0-only	3.640344
desktop	license:LGPL-3.0-or-later	4.228608
desktop	license:LPPL-1.3c	-0.000000
desktop	license:MIT	-0.020061
desktop	license:MPL-2.0	-0.000000
desktop	license:OFL-1.1	-0.497589
desktop	license:PostgreSQL	-0.000000
desktop	license:Unlicense	0.197866
desktop	license:free	-0.000000
desktop	license:publicDomain	-0.183610
desktop	license:unfree	-0.000000
desktop	license:unfreeRedistributable	-0.000000
desktop	name:prefix:kde-	1.718470
desktop	name:prefix:lib	0.652992
desktop	name:suffix-bin	-0.000000
desktop	name:suffix-driver	-0.000000
desktop	name:suffix-server	-0.000000
desktop	name:suffix-theme	0.513307
desktop	name:suffix-tools	0.948580
desktop	svc:true	0.352031
desktop	w:about	0.513307
desktop	w:access	0.605417
desktop	w:addon	-0.000000
desktop	w:adds	0.080207
desktop	w:advanced	-0.012157
desktop	w:agent	0.216646
desktop	w:akonadi	2.188704
desktop	w:alert	-0.012157
desktop	w:allows	-0.175206
desktop	w:also	-0.012157
desktop	w:alternative	-0.154256
desktop	w:amd	-0.097736
desktop	w:analysis	-0.000000
desktop	w:android	-0.073738
desktop	w:api	0.068225
desktop	w:app	1.540672
desktop	w:application	2.026007
desktop	w:applications	2.139784
desktop	w:apps	0.571223
desktop	w:around	0.721156
desktop	w:aspell	-0.000000
desktop	w:assist	2.188704
desktop	w:assistant	-0.248446
desktop	w:audio	0.230928
desktop	w:base	-0.000000
desktop	w:berkeley	-0.000000
desktop	w:between	0.197866
desktop	w:binary	-0.000000
desktop	w:bluetooth	1.367447
desktop	w:brother	-0.000000
desktop	w:browser	0.153670
desktop	w:build	-0.196585
desktop	w:buildbot	-0.000000
desktop	w:building	-0.000000
desktop	w:built	-0.144031
desktop	w:but	0.386800
desktop	w:c++	-0.149863
desktop	w:calculator	1.967169
desktop	w:calendar	1.718470
desktop	w:capture	-0.045749
desktop	w:cards	-0.000000
desktop	w:channel	-0.000000
desktop	w:characters	-0.045749
desktop	w:check	-0.137428
desktop	w:chicken	-0.000000
desktop	w:clang	-0.000000
desktop	w:clean	-0.012157
desktop	w:client	0.161928
desktop	w:clients	-0.012157
desktop	w:cloud	-0.000000
desktop	w:code	-0.446505
desktop	w:collection	0.052410
desktop	w:color	0.292228
desktop	w:command	-0.361009
desktop	w:commands	-0.154256
desktop	w:common	0.039382
desktop	w:compiler	-0.000000
desktop	w:component	-0.154256
desktop	w:components	2.730691
desktop	w:condensed	-0.000000
desktop	w:configuration	-0.265511
desktop	w:connect	-0.012157
desktop	w:conquer	-0.000000
desktop	w:console	-0.045749
desktop	w:control	0.361367
desktop	w:controller	-0.000000
desktop	w:controlling	-0.000000
desktop	w:core	0.099677
desktop	w:corner	-0.000000
desktop	w:create	0.068225
desktop	w:custom	-0.137428
desktop	w:customizable	0.459136
desktop	w:daemon	0.904327
desktop	w:darwin	-0.000000
desktop	w:data	0.190373
desktop	w:database	-0.000000
desktop	w:deadbeef	-0.000000
desktop	w:designed	0.822369
desktop	w:desktop	2.026007
desktop	w:developers	-0.137428
desktop	w:development	-0.149863
desktop	w:device	0.153670
desktop	w:devices	1.013578
desktop	w:dictionary	-0.000000
desktop	w:disk	0.197866
desktop	w:display	0.571223
desktop	w:displays	0.904327
desktop	w:distributed	-0.000000
desktop	w:distribution	-0.000000
desktop	w:documentation	-0.045749
desktop	w:documents	-0.012157
desktop	w:dotted	-0.000000
desktop	w:driver	-0.000000
desktop	w:drivers	-0.012157
desktop	w:easy	0.486692
desktop	w:eclipse	-0.000000
desktop	w:editor	0.822369
desktop	w:efficient	-0.000000
desktop	w:elementary	3.263399
desktop	w:elm	-0.000000
desktop	w:embedded	-0.000000
desktop	w:emulator	0.721156
desktop	w:engine	-0.249839
desktop	w:english	-0.000000
desktop	w:environment	0.787369
desktop	w:extensible	-0.012157
desktop	w:extension	0.394787
desktop	w:fast	-0.117787
desktop	w:features	0.294920
desktop	w:file	1.102034
desktop	w:files	0.655548
desktop	w:firefox	-0.000000
desktop	w:firmware	-0.000000
desktop	w:fish	-0.000000
desktop	w:flexible	0.197866
desktop	w:font	-0.400031
desktop	w:fonts	-0.370446
desktop	w:fork	-0.000000
desktop	w:format	-0.000000
desktop	w:framework	-0.122734
desktop	w:free	-0.407666
desktop	w:freshrss	-0.000000
desktop	w:functionality	0.292228
desktop	w:functions	-0.045749
desktop	w:game	0.996306
desktop	w:games	0.513307
desktop	w:generator	0.197866
desktop	w:ghidra	-0.000000
desktop	w:gnome	3.750853
desktop	w:gnu	-0.000000
desktop	w:google	0.068225
desktop	w:grafana	-0.000000
desktop	w:gui	0.744198
desktop	w:handling	1.967169
desktop	w:hardware	0.068225
desktop	w:hashes	-0.000000
desktop	w:helm	-0.000000
desktop	w:high	0.197866
desktop	w:high-performance	-0.000000
desktop	w:highlighting	-0.000000
desktop	w:home	-0.000000
desktop	w:http	-0.000000
desktop	w:hyphen	-0.000000
desktop	w:hyprland	2.567216
desktop	w:ibus	-0.000000
desktop	w:ide	-0.545726
desktop	w:image	1.367447
desktop	w:implementation	-0.316041
desktop	w:including	0.197866
desktop	w:indian	-0.000000
desktop	w:indicator	1.860401
desktop	w:information	0.433358
desktop	w:injection	-0.000000
desktop	w:input	-0.000000
desktop	w:install	-0.012157
desktop	w:integrate	-0.012157
desktop	w:integrates	0.125811
desktop	w:integration	0.466494
desktop	w:intel	-0.137428
desktop	w:interface	0.639673
desktop	w:iosevka	-0.000000
desktop	w:jack	-0.000000
desktop	w:java	-0.000000
desktop	w:javascript	-0.118743
desktop	w:jetbrains	-0.000000
desktop	w:json	-0.000000
desktop	w:kde	4.361880
desktop	w:kernel	-0.000000
desktop	w:keyboard	0.721156
desktop	w:kio	1.718470
desktop	w:kodi	-0.000000
desktop	w:kubernetes	-0.000000
desktop	w:language	-0.622133
desktop	w:languages	-0.000000
desktop	w:laptop	-0.000000
desktop	w:libraries	1.033221
desktop	w:library	1.250938
desktop	w:libreoffice	-0.000000
desktop	w:libretro	-0.000000
desktop	w:ligature	-0.000000
desktop	w:ligatures	-0.000000
desktop	w:lightweight	-0.027494
desktop	w:lilypond	-0.000000
desktop	w:line	-0.000000
desktop	w:linphone	-0.000000
desktop	w:linux	-0.570845
desktop	w:lisp	-0.000000
desktop	w:lldb	-0.000000
desktop	w:llvm	-0.000000
desktop	w:lomiri	3.263399
desktop	w:lua	-0.000000
desktop	w:lv2	-0.000000
desktop	w:lxqt	2.880296
desktop	w:machine	-0.000000
desktop	w:make	0.912874
desktop	w:makes	-0.012157
desktop	w:man	-0.000000
desktop	w:manage	0.433358
desktop	w:management	0.618101
desktop	w:manager	0.917277
desktop	w:many	-0.012157
desktop	w:markdown	-0.012157
desktop	w:menu	1.168726
desktop	w:method	-0.000000
desktop	w:mimicking	-0.000000
desktop	w:minecraft	-0.000000
desktop	w:minimal	-0.073738
desktop	w:mobile	2.249143
desktop	w:mod	-0.000000
desktop	w:mode	-0.045749
desktop	w:model	-0.000000
desktop	w:modern	-0.073738
desktop	w:module	-0.383726
desktop	w:monitor	-0.073738
desktop	w:monitoring	0.407596
desktop	w:mono	-0.000000
desktop	w:monospace	-0.000000
desktop	w:mopidy	-0.000000
desktop	w:multitran	-0.000000
desktop	w:music	-0.061940
desktop	w:native	0.197866
desktop	w:neovim	-0.000000
desktop	w:nerd	-0.000000
desktop	w:net	-0.000000
desktop	w:network	-0.032669
desktop	w:networking	-0.000000
desktop	w:new	-0.000000
desktop	w:nix	-0.000000
desktop	w:normal	-0.000000
desktop	w:notification	0.721156
desktop	w:notifications	0.571223
desktop	w:nvidia	-0.012157
desktop	w:obs	-0.000000
desktop	w:obtain	-0.000000
desktop	w:ocaml	-0.000000
desktop	w:official	-0.000000
desktop	w:one	0.020243
desktop	w:open	-0.000000
desktop	w:open-source	0.125811
desktop	w:openjdk	-0.000000
desktop	w:optimization	-0.000000
desktop	w:original	-0.137428
desktop	w:package	-0.240429
desktop	w:page	-0.000000
desktop	w:pages	-0.000000
desktop	w:panel	1.052054
desktop	w:pantheon	2.730691
desktop	w:parser	0.020243
desktop	w:pass	0.010369
desktop	w:password	-0.012157
desktop	w:passwords	0.125811
desktop	w:php	0.386800
desktop	w:pim	2.730691
desktop	w:plasma	4.662129
desktop	w:platform	0.020243
desktop	w:player	0.805845
desktop	w:playing	-0.000000
desktop	w:plug	1.718470
desktop	w:plugin	-0.459410
desktop	w:plugins	0.153670
desktop	w:port	-0.296939
desktop	w:postgresql	-0.000000
desktop	w:power	0.292228
desktop	w:powerful	0.744198
desktop	w:printer	-0.000000
desktop	w:process	0.292228
desktop	w:program	1.088336
desktop	w:programming	-0.329250
desktop	w:programs	0.292228
desktop	w:project	-0.000000
desktop	w:protocol	-0.066713
desktop	w:provides	1.369550
desktop	w:providing	1.088336
desktop	w:puzzle	0.948580
desktop	w:python	-0.137428
desktop	w:qml	1.967169
desktop	w:quake	-0.000000
desktop	w:quickly	0.386800
desktop	w:re-imagination	-0.000000
desktop	w:real-time	0.912874
desktop	w:realtek	-0.000000
desktop	w:red	-0.012157
desktop	w:release	-0.000000
desktop	w:round	-0.000000
desktop	w:running	-0.012157
desktop	w:runtime	-0.196585
desktop	w:rust	-0.169565
desktop	w:scalable	-0.000000
desktop	w:scheme	-0.000000
desktop	w:script	-0.149863
desktop	w:scripts	0.294920
desktop	w:sdk	-0.000000
desktop	w:search	-0.056908
desktop	w:security	-0.000000
desktop	w:server	-0.117790
desktop	w:service	0.639673
desktop	w:session	1.367447
desktop	w:set	-0.056908
desktop	w:settings	1.464483
desktop	w:shell	2.042903
desktop	w:simple	1.113267
desktop	w:single	0.513307
desktop	w:skk	-0.000000
desktop	w:small	0.052410
desktop	w:software	0.242290
desktop	w:some	-0.097736
desktop	w:sound	0.948580
desktop	w:source	-0.000000
desktop	w:ssh	-0.045749
desktop	w:standard	-0.144031
desktop	w:state	-0.000000
desktop	w:status	0.125811
desktop	w:studio	-0.000000
desktop	w:style	0.230928
desktop	w:suite	0.068225
desktop	w:support	-0.236708
desktop	w:supporting	-0.012157
desktop	w:swift	-0.000000
desktop	w:switchboard	1.718470
desktop	w:syntax	-0.000000
desktop	w:system	0.670360
desktop	w:systems	0.153670
desktop	w:terminal	0.361367
desktop	w:test	-0.088939
desktop	w:text	0.407596
desktop	w:theme	0.605417
desktop	w:through	0.068225
desktop	w:time	0.369558
desktop	w:tiny	-0.000000
desktop	w:tmux	-0.000000
desktop	w:tool	0.350735
desktop	w:toolchain	-0.000000
desktop	w:tools	0.163187
desktop	w:top	0.766766
desktop	w:touch	1.997698
desktop	w:translatelocally	-0.000000
desktop	w:tree	-0.012157
desktop	w:typing	0.513307
desktop	w:ubuntu	2.387521
desktop	w:unhinted	-0.000000
desktop	w:unicode	-0.000000
desktop	w:useful	0.216646
desktop	w:user	0.904327
desktop	w:uses	0.020243
desktop	w:utilities	0.080207
desktop	w:utility	0.618101
desktop	w:values	-0.012157
desktop	w:variant	-0.000000
desktop	w:various	1.033221
desktop	w:vdr	-0.000000
desktop	w:version	-0.073738
desktop	w:video	0.068225
desktop	w:view	0.125811
desktop	w:viewer	1.860401
desktop	w:vim	-0.000000
desktop	w:virtual	-0.073738
desktop	w:visual	0.125811
desktop	w:wayland	1.997698
desktop	w:web	-0.263265
desktop	w:weechat	-0.000000
desktop	w:width	-0.000000
desktop	w:window	2.387521
desktop	w:windows	0.099677
desktop	w:wingpanel	2.188704
desktop	w:work	-0.012157
desktop	w:working	0.571223
desktop	w:wrapper	-0.333941
desktop	w:written	0.361367
desktop	w:x86	-0.000000
desktop	w:yamagi	-0.000000
desktop	w:znc	-0.000000
development	builder:buildDotnetModule	3.861968
development	builder:buildDunePackage	3.115694
development	builder:buildEnv	1.236910
development	builder:buildFHSEnv	-0.000000
development	builder:buildGoModule	0.296816
development	builder:buildHomeAssistantComponent	-0.000000
development	builder:buildKodiAddon	-0.000000
development	builder:buildNpmPackage	1.472249
development	builder:buildPythonApplication	-0.180614
development	builder:buildPythonPackage	0.926282
development	builder:fetchurl	0.801684
development	builder:fetchzip	-0.592342
development	builder:mkDerivation	0.770132
development	builder:runCommand	1.203130
development	builder:rustPlatform.buildRustPackage	0.258997
development	builder:stdenv.mkDerivation	0.452233
development	builder:stdenvNoCC.mkDerivation	-0.177804
development	builder:symlinkJoin	-0.198328
development	builder:vimUtils.buildVimPlugin	-0.000000
development	desktop:true	-0.287084
development	gui:gtk3	-0.157031
development	gui:gtk4	-0.000000
development	gui:wrapGAppsHook3	-0.339044
development	gui:wrapGAppsHook4	-0.000000
development	gui:wrapQtAppsHook	-0.395187
development	has:mainProgram	1.039005
development	host:brother.com	-0.000000
development	host:buildbot.net	2.236378
development	host:ctan.org	-0.000000
development	host:developer.android.com	-0.000000
development	host:dotnet.github.io	3.965231
development	host:eclipse.org	-0.000000
development	host:enlightenment.org	-0.000000
development	host:extensions.gnome.org	-0.000000
development	host:ftp.gnu.org	-0.000000
development	host:gitlab.linphone.org	-0.000000
development	host:gnu.org	0.789662
development	host:grafana.com	-0.000000
development	host:invent.kde.org	-0.000000
development	host:jetbrains.com	-0.000000
development	host:kernel.org	-0.000000
development	host:lilypond.org	-0.000000
development	host:multitran.sourceforge.net	-0.000000
development	host:nerdfonts.com	-0.000000
development	host:open-music-kontrollers.ch	-0.000000
development	host:opensource.apple.com	-0.000000
development	host:optifine.net	-0.000000
development	host:pagure.io	-0.000000
development	host:translatelocally.com	-0.000000
development	host:web.archive.org	-0.000000
development	host:wiki.call-cc.org	4.401647
development	host:wiki.documentfoundation.org	-0.000000
development	license:AGPL-3.0-only	-0.000000
development	license:APSL-1.0	-0.000000
development	license:APSL-2.0	-0.000000
development	license:Apache-2.0	0.398047
development	license:Artistic-2.0	0.194447
development	license:BSD-2-Clause	-0.566127
development	license:BSD-3-Clause	0.376903
development	license:BSL-1.0	0.570676
development	license:CC-BY-4.0	-0.000000
development	license:CC-BY-SA-3.0	-0.000000
development	license:CC-BY-SA-4.0	-0.000000
development	license:CC0-1.0	-0.000000
development	license:Classpath-exception-2.0	1.636705
development	license:EPL-1.0	-0.000000
development	license:FSFAP	-0.000000
development	license:GPL-2.0	1.404235
development	license:GPL-2.0-only	-1.070782
development	license:GPL-2.0-or-later	-1.319990
development	license:GPL-3.0	-0.238328
development	license:GPL-3.0-only	-0.747766
development	license:GPL-3.0-or-later	-0.768085
development	license:ISC	0.789662
development	license:LGPL-2.0-only	-0.318056
development	license:LGPL-2.0-or-later	-0.745729
development	license:LGPL-2.1	0.118976
development	license:LGPL-2.1-only	-0.508738
development	license:LGPL-2.1-or-later	-0.555081
development	license:LGPL-3.0-only	-0.424018
development	license:LGPL-3.0-or-later	-0.531532
development	license:LPPL-1.3c	-0.000000
development	license:MIT	0.488796
development	license:MPL-2.0	0.213415
development	license:OFL-1.1	-0.000000
development	license:PostgreSQL	-0.000000
development	license:Unlicense	-0.000000
development	license:free	0.588077
development	license:publicDomain	0.343761
development	license:unfree	-0.521756
development	license:unfreeRedistributable	-0.000000
development	name:prefix:kde-	-0.000000
development	name:prefix:lib	-0.134749
development	name:suffix-bin	2.031993
development	name:suffix-driver	-0.000000
development	name:suffix-server	0.570676
development	name:suffix-theme	-0.000000
development	name:suffix-tools	-0.000000
development	svc:true	0.016247
development	w:about	0.069199
development	w:access	-0.115093
development	w:addon	-0.000000
development	w:adds	-0.000000
development	w:advanced	-0.000000
development	w:agent	-0.016334
development	w:akonadi	-0.000000
development	w:alert	-0.000000
development	w:allows	-0.158876
development	w:also	0.069199
development	w:alternative	0.236454
development	w:amd	-0.016334
development	w:analysis	0.082989
development	w:android	-0.000000
development	w:api	0.007648
development	w:app	-0.000000
development	w:application	-0.000000
development	w:applications	-0.156756
development	w:apps	0.208044
development	w:around	0.035622
development	w:aspell	-0.000000
development	w:assist	-0.000000
development	w:assistant	-0.000000
development	w:audio	-0.072810
development	w:base	-0.000000
development	w:berkeley	-0.000000
development	w:between	0.069199
development	w:binary	0.588077
development	w:bluetooth	-0.000000
development	w:brother	-0.000000
development	w:browser	-0.000000
development	w:build	1.342738
development	w:buildbot	2.236378
development	w:building	0.265604
development	w:built	0.156618
development	w:but	0.035622
development	w:c++	0.876354
development	w:calculator	-0.000000
development	w:calendar	-0.000000
development	w:capture	0.035622
development	w:cards	-0.000000
development	w:channel	-0.000000
development	w:characters	-0.000000
development	w:check	-0.000000
development	w:chicken	2.692695
development	w:clang	1.964661
development	w:clean	-0.000000
development	w:client	-0.211067
development	w:clients	-0.000000
development	w:cloud	0.035622
development	w:code	0.779249
development	w:collection	0.679818
development	w:color	-0.000000
development	w:command	-0.285357
development	w:commands	-0.000000
development	w:common	0.820899
development	w:compiler	3.024329
development	w:component	-0.000000
development	w:components	-0.000000
development	w:condensed	-0.000000
development	w:configuration	-0.125381
development	w:connect	-0.000000
development	w:conquer	-0.000000
development	w:console	0.035622
development	w:control	-0.088104
development	w:controller	-0.000000
development	w:controlling	-0.000000
development	w:core	1.036170
development	w:corner	-0.000000
development	w:create	0.007648
development	w:custom	-0.000000
development	w:customizable	-0.016334
development	w:daemon	0.118976
development	w:darwin	-0.000000
development	w:data	-0.132775
development	w:database	-0.000000
development	w:deadbeef	-0.000000
development	w:designed	-0.000000
development	w:desktop	-0.000000
development	w:developers	-0.055997
development	w:development	0.696710
development	w:device	-0.000000
development	w:devices	-0.198328
development	w:dictionary	-0.000000
development	w:disk	0.069199
development	w:display	-0.000000
development	w:displays	-0.000000
development	w:distributed	-0.055997
development	w:distribution	0.069199
development	w:documentation	0.570676
development	w:documents	0.069199
development	w:dotted	-0.000000
development	w:driver	-0.489775
development	w:drivers	0.069199
development	w:easy	0.544894
development	w:eclipse	-0.138383
development	w:editor	-0.000000
development	w:efficient	0.069199
development	w:elementary	-0.000000
development	w:elm	2.692695
development	w:embedded	-0.000000
development	w:emulator	-0.000000
development	w:engine	0.124063
development	w:english	-0.000000
development	w:environment	-0.088104
development	w:extensible	-0.000000
development	w:extension	-0.502073
development	w:fast	1.076220
development	w:features	-0.000000
development	w:file	-0.168271
development	w:files	0.150481
development	w:firefox	-0.000000
development	w:firmware	-0.000000
development	w:fish	-0.000000
development	w:flexible	0.337634
development	w:font	-0.000000
development	w:fonts	-0.000000
development	w:fork	0.343761
development	w:format	0.069199
development	w:framework	0.061480
development	w:free	-0.267245
development	w:freshrss	-0.000000
development	w:functionality	0.208044
development	w:functions	0.035622
development	w:game	-0.325656
development	w:games	-0.000000
development	w:generator	0.697149
development	w:ghidra	-0.000000
development	w:gnome	-0.000000
development	w:gnu	0.626440
development	w:google	0.208044
development	w:grafana	-0.000000
development	w:gui	-0.000000
development	w:handling	-0.000000
development	w:hardware	-0.000000
development	w:hashes	2.236378
development	w:helm	-0.000000
development	w:high	-0.000000
development	w:high-performance	1.414961
development	w:highlighting	-0.000000
development	w:home	-0.138383
development	w:http	-0.000000
development	w:hyphen	-0.000000
development	w:hyprland	-0.000000
development	w:ibus	-0.000000
development	w:ide	-0.404844
development	w:image	-0.000000
development	w:implementation	1.181640
development	w:including	0.337634
development	w:indian	-0.000000
development	w:indicator	-0.000000
development	w:information	0.050983
development	w:injection	-0.000000
development	w:input	-0.000000
development	w:install	0.697149
development	w:integrate	-0.000000
development	w:integrates	-0.000000
development	w:integration	0.220730
development	w:intel	0.082989
development	w:interface	-0.138383
development	w:iosevka	-0.000000
development	w:jack	-0.000000
development	w:java	0.236454
development	w:javascript	1.173682
development	w:jetbrains	-0.088104
development	w:json	0.476136
development	w:kde	-0.000000
development	w:kernel	-0.279177
development	w:keyboard	-0.000000
development	w:kio	-0.000000
development	w:kodi	-0.000000
development	w:kubernetes	0.160088
development	w:language	2.740215
development	w:languages	-0.115093
development	w:laptop	-0.000000
development	w:libraries	0.022161
development	w:library	0.319145
development	w:libreoffice	-0.000000
development	w:libretro	-0.000000
development	w:ligature	-0.000000
development	w:ligatures	-0.000000
development	w:lightweight	0.156618
development	w:lilypond	-0.000000
development	w:line	-0.165311
development	w:linphone	-0.000000
development	w:linux	-0.339955
development	w:lisp	1.835977
development	w:lldb	1.964661
development	w:llvm	1.964661
development	w:lomiri	-0.000000
development	w:lua	0.697149
development	w:lv2	-0.000000
development	w:lxqt	-0.000000
development	w:machine	0.697149
development	w:make	0.007648
development	w:makes	1.166940
development	w:man	2.016141
development	w:manage	-0.000000
development	w:management	-0.037327
development	w:manager	0.779249
development	w:many	-0.000000
development	w:markdown	0.069199
development	w:menu	-0.000000
development	w:method	-0.000000
development	w:mimicking	-0.000000
development	w:minecraft	-0.000000
development	w:minimal	1.159154
development	w:mobile	-0.108342
development	w:mod	-0.000000
development	w:mode	-0.000000
development	w:model	-0.000000
development	w:modern	0.007648
development	w:module	-0.363044
development	w:monitor	-0.000000
development	w:monitoring	-0.000000
development	w:mono	-0.000000
development	w:monospace	-0.000000
development	w:mopidy	-0.000000
development	w:multitran	-0.000000
development	w:music	-0.000000
development	w:native	-0.000000
development	w:neovim	-0.000000
development	w:nerd	-0.000000
development	w:net	3.202014
development	w:network	-0.000000
development	w:networking	-0.000000
development	w:new	0.035622
development	w:nix	1.414961
development	w:normal	-0.000000
development	w:notification	-0.000000
development	w:notifications	-0.000000
development	w:nvidia	-0.000000
development	w:obs	-0.000000
development	w:obtain	2.236378
development	w:ocaml	3.115694
development	w:official	-0.000000
development	w:one	-0.016334
development	w:open	-0.474277
development	w:open-source	0.265604
development	w:openjdk	2.477294
development	w:optimization	-0.158876
development	w:original	-0.000000
development	w:package	0.814276
development	w:page	1.166940
development	w:pages	1.166940
development	w:panel	-0.000000
development	w:pantheon	-0.000000
development	w:parser	1.357643
development	w:pass	-0.000000
development	w:password	0.069199
development	w:passwords	-0.000000
development	w:php	0.035622
development	w:pim	-0.000000
development	w:plasma	-0.000000
development	w:platform	-0.016334
development	w:player	-0.000000
development	w:playing	-0.000000
development	w:plug	-0.000000
development	w:plugin	-0.408956
development	w:plugins	-0.037327
development	w:port	-0.058170
development	w:postgresql	-0.000000
development	w:power	-0.000000
development	w:powerful	0.160088
development	w:printer	-0.000000
development	w:process	-0.000000
development	w:program	0.160088
development	w:programming	2.614218
development	w:programs	0.007648
development	w:project	0.283687
development	w:protocol	0.044363
development	w:provides	-0.000000
development	w:providing	-0.000000
development	w:puzzle	-0.000000
development	w:python	0.513479
development	w:qml	-0.000000
development	w:quake	-0.000000
development	w:quickly	-0.000000
development	w:re-imagination	-0.000000
development	w:real-time	0.007648
development	w:realtek	-0.000000
development	w:red	-0.000000
development	w:release	0.160088
development	w:round	-0.000000
development	w:running	0.337634
development	w:runtime	2.713707
development	w:rust	0.607871
development	w:scalable	0.208044
development	w:scheme	2.927343
development	w:script	0.350475
development	w:scripts	0.082989
development	w:sdk	1.636705
development	w:search	-0.000000
development	w:security	-0.000000
development	w:server	0.626410
development	w:service	-0.000000
development	w:session	-0.000000
development	w:set	-0.055997
development	w:settings	-0.138383
development	w:shell	-0.000000
development	w:simple	0.034385
development	w:single	0.069199
development	w:skk	-0.000000
development	w:small	0.050983
development	w:software	-0.115093
development	w:some	-0.016334
development	w:sound	-0.000000
development	w:source	-0.107027
development	w:ssh	-0.000000
development	w:standard	0.343761
development	w:state	0.069199
development	w:status	-0.000000
development	w:studio	-0.148936
development	w:style	0.050983
development	w:suite	0.007648
development	w:support	-0.348965
development	w:supporting	1.166940
development	w:swift	2.236378
development	w:switchboard	-0.000000
development	w:syntax	0.069199
development	w:system	0.306362
development	w:systems	0.118976
development	w:terminal	-0.000000
development	w:test	0.449527
development	w:text	-0.090251
development	w:theme	-0.000000
development	w:through	-0.000000
development	w:time	0.588077
development	w:tiny	-0.000000
development	w:tmux	-0.000000
development	w:tool	0.235094
development	w:toolchain	2.236378
development	w:tools	-0.014667
development	w:top	0.082989
development	w:touch	-0.000000
development	w:translatelocally	-0.000000
development	w:tree	-0.000000
development	w:typing	-0.000000
development	w:ubuntu	-0.000000
development	w:unhinted	-0.000000
development	w:unicode	-0.000000
development	w:useful	-0.016334
development	w:user	-0.000000
development	w:uses	-0.000000
development	w:utilities	0.122205
development	w:utility	0.118976
development	w:values	0.069199
development	w:variant	-0.000000
development	w:various	-0.088104
development	w:vdr	-0.000000
development	w:version	0.476136
development	w:video	-0.000000
development	w:view	0.265604
development	w:viewer	-0.000000
development	w:vim	-0.000000
development	w:virtual	0.208044
development	w:visual	0.035622
development	w:wayland	-0.000000
development	w:web	-0.044057
development	w:weechat	-0.000000
development	w:width	-0.000000
development	w:window	-0.000000
development	w:windows	-0.000000
development	w:wingpanel	-0.000000
development	w:work	-0.000000
development	w:working	0.208044
development	w:wrapper	1.684485
development	w:written	0.194447
development	w:x86	0.265604
development	w:yamagi	-0.000000
development	w:znc	-0.000000
editors	builder:buildDotnetModule	-0.000000
editors	builder:buildDunePackage	-0.000000
editors	builder:buildEnv	-0.000000
editors	builder:buildFHSEnv	2.133233
editors	builder:buildGoModule	0.771618
editors	builder:buildHomeAssistantComponent	-0.000000
editors	builder:buildKodiAddon	-0.000000
editors	builder:buildNpmPackage	0.131295
editors	builder:buildPythonApplication	-0.000000
editors	builder:buildPythonPackage	-0.000000
editors	builder:fetchurl	1.043035
editors	builder:fetchzip	1.074429
editors	builder:mkDerivation	-0.000000
editors	builder:runCommand	0.142415
editors	builder:rustPlatform.buildRustPackage	2.334723
editors	builder:stdenv.mkDerivation	-0.060675
editors	builder:stdenvNoCC.mkDerivation	-0.293739
editors	builder:symlinkJoin	0.204737
editors	builder:vimUtils.buildVimPlugin	4.252988
editors	desktop:true	1.949366
editors	gui:gtk3	0.415433
editors	gui:gtk4	0.010976
editors	gui:wrapGAppsHook3	0.686915
editors	gui:wrapGAppsHook4	-0.000000
editors	gui:wrapQtAppsHook	-0.000000
editors	has:mainProgram	-0.204289
editors	host:brother.com	-0.000000
editors	host:buildbot.net	0.000000
editors	host:ctan.org	-0.000000
editors	host:developer.android.com	2.682880
editors	host:dotnet.github.io	-0.000000
editors	host:eclipse.org	4.053938
editors	host:enlightenment.org	0.000000
editors	host:extensions.gnome.org	-0.000000
editors	host:ftp.gnu.org	-0.000000
editors	host:gitlab.linphone.org	0.000000
editors	host:gnu.org	0.000000
editors	host:grafana.com	-0.000000
editors	host:invent.kde.org	-0.000000
editors	host:jetbrains.com	4.252988
editors	host:kernel.org	0.000000
editors	host:lilypond.org	0.000000
editors	host:multitran.sourceforge.net	0.000000
editors	host:nerdfonts.com	-0.000000
editors	host:open-music-kontrollers.ch	0.000000
editors	host:opensource.apple.com	-0.000000
editors	host:optifine.net	-0.000000
editors	host:pagure.io	-0.000000
editors	host:translatelocally.com	-0.000000
editors	host:web.archive.org	0.000000
editors	host:wiki.call-cc.org	-0.000000
editors	host:wiki.documentfoundation.org	-0.000000
editors	license:AGPL-3.0-only	-0.000000
editors	license:APSL-1.0	0.000000
editors	license:APSL-2.0	-0.000000
editors	license:Apache-2.0	0.822268
editors	license:Artistic-2.0	-0.000000
editors	license:BSD-2-Clause	-0.000000
editors	license:BSD-3-Clause	-0.394833
editors	license:BSL-1.0	0.000000
editors	license:CC-BY-4.0	0.177378
editors	license:CC-BY-SA-3.0	0.000000
editors	license:CC-BY-SA-4.0	-0.000000
editors	license:CC0-1.0	-0.000000
editors	license:Classpath-exception-2.0	0.000000
editors	license:EPL-1.0	3.025171
editors	license:FSFAP	0.000000
editors	license:GPL-2.0	-0.000000
editors	license:GPL-2.0-only	-0.368260
editors	license:GPL-2.0-or-later	-0.000000
editors	license:GPL-3.0	-0.054692
editors	license:GPL-3.0-only	-0.000000
editors	license:GPL-3.0-or-later	-0.410381
editors	license:ISC	0.240968
editors	license:LGPL-2.0-only	-0.000000
editors	license:LGPL-2.0-or-later	-0.000000
editors	license:LGPL-2.1	0.196029
editors	license:LGPL-2.1-only	-0.000000
editors	license:LGPL-2.1-or-later	-0.000000
editors	license:LGPL-3.0-only	-0.000000
editors	license:LGPL-3.0-or-later	-0.000000
editors	license:LPPL-1.3c	0.000000
editors	license:MIT	0.460440
editors	license:MPL-2.0	-0.000000
editors	license:OFL-1.1	-0.000000
editors	license:PostgreSQL	0.000000
editors	license:Unlicense	1.228811
editors	license:free	-0.000000
editors	license:publicDomain	-0.000000
editors	license:unfree	1.630377
editors	license:unfreeRedistributable	-0.000000
editors	name:prefix:kde-	0.000000
editors	name:prefix:lib	-0.000000
editors	name:suffix-bin	-0.000000
editors	name:suffix-driver	0.000000
editors	name:suffix-server	0.000000
editors	name:suffix-theme	0.302483
editors	name:suffix-tools	0.000000
editors	svc:true	0.363257
editors	w:about	0.000000
editors	w:access	0.118354
editors	w:addon	0.000000
editors	w:adds	2.013895
editors	w:advanced	0.000000
editors	w:agent	0.562655
editors	w:akonadi	0.000000
editors	w:alert	0.000000
editors	w:allows	-0.000000
editors	w:also	0.000000
editors	w:alternative	0.160583
editors	w:amd	0.000000
editors	w:analysis	0.177378
editors	w:android	1.877479
editors	w:api	0.000000
editors	w:app	-0.000000
editors	w:application	-0.000000
editors	w:applications	-0.000000
editors	w:apps	0.000000
editors	w:around	0.000000
editors	w:aspell	-0.000000
editors	w:assist	0.000000
editors	w:assistant	0.074643
editors	w:audio	-0.000000
editors	w:base	0.000000
editors	w:berkeley	-0.000000
editors	w:between	0.302483
editors	w:binary	-0.000000
editors	w:bluetooth	0.000000
editors	w:brother	-0.000000
editors	w:browser	-0.000000
editors	w:build	0.118354
editors	w:buildbot	0.000000
editors	w:building	0.000000
editors	w:built	0.688603
editors	w:but	0.000000
editors	w:c++	0.820979
editors	w:calculator	0.000000
editors	w:calendar	0.000000
editors	w:capture	0.000000
editors	w:cards	0.000000
editors	w:channel	1.573835
editors	w:characters	0.000000
editors	w:check	-0.000000
editors	w:chicken	0.000000
editors	w:clang	0.000000
editors	w:clean	0.302483
editors	w:client	-0.045325
editors	w:clients	0.000000
editors	w:cloud	0.000000
editors	w:code	1.738081
editors	w:collection	0.160583
editors	w:color	0.610580
editors	w:command	-0.000000
editors	w:commands	-0.000000
editors	w:common	-0.000000
editors	w:compiler	-0.000000
editors	w:component	-0.000000
editors	w:components	-0.000000
editors	w:condensed	0.000000
editors	w:configuration	-0.000000
editors	w:connect	0.000000
editors	w:conquer	0.000000
editors	w:console	0.268924
editors	w:control	-0.000000
editors	w:controller	0.000000
editors	w:controlling	0.000000
editors	w:core	-0.000000
editors	w:corner	-0.000000
editors	w:create	0.000000
editors	w:custom	-0.000000
editors	w:customizable	0.217004
editors	w:daemon	-0.000000
editors	w:darwin	-0.000000
editors	w:data	-0.000000
editors	w:database	0.485617
editors	w:deadbeef	0.000000
editors	w:designed	0.095100
editors	w:desktop	-0.000000
editors	w:developers	1.825197
editors	w:development	1.069339
editors	w:device	-0.000000
editors	w:devices	-0.000000
editors	w:dictionary	-0.000000
editors	w:disk	0.000000
editors	w:display	0.000000
editors	w:displays	0.196029
editors	w:distributed	-0.000000
editors	w:distribution	0.000000
editors	w:documentation	0.000000
editors	w:documents	0.302483
editors	w:dotted	0.000000
editors	w:driver	-0.000000
editors	w:drivers	0.000000
editors	w:easy	-0.000000
editors	w:eclipse	4.083480
editors	w:editor	1.111373
editors	w:efficient	0.000000
editors	w:elementary	-0.000000
editors	w:elm	0.000000
editors	w:embedded	0.302483
editors	w:emulator	0.000000
editors	w:engine	0.065267
editors	w:english	0.000000
editors	w:environment	-0.000000
editors	w:extensible	0.302483
editors	w:extension	0.031934
editors	w:fast	0.145306
editors	w:features	-0.000000
editors	w:file	-0.000000
editors	w:files	0.351987
editors	w:firefox	0.000000
editors	w:firmware	0.000000
editors	w:fish	-0.000000
editors	w:flexible	0.000000
editors	w:font	-0.000000
editors	w:fonts	-0.000000
editors	w:fork	0.131295
editors	w:format	0.000000
editors	w:framework	0.095100
editors	w:free	0.517233
editors	w:freshrss	0.000000
editors	w:functionality	0.000000
editors	w:functions	0.000000
editors	w:game	-0.000000
editors	w:games	0.000000
editors	w:generator	0.000000
editors	w:ghidra	0.000000
editors	w:gnome	-0.000000
editors	w:gnu	0.352459
editors	w:google	0.240968
editors	w:grafana	-0.000000
editors	w:gui	0.217004
editors	w:handling	0.000000
editors	w:hardware	0.000000
editors	w:hashes	0.000000
editors	w:helm	0.000000
editors	w:high	0.000000
editors	w:high-performance	0.000000
editors	w:highlighting	1.801172
editors	w:home	-0.000000
editors	w:http	0.000000
editors	w:hyphen	-0.000000
editors	w:hyprland	-0.000000
editors	w:ibus	-0.000000
editors	w:ide	2.717497
editors	w:image	0.000000
editors	w:implementation	-0.000000
editors	w:including	0.302483
editors	w:indian	-0.000000
editors	w:indicator	-0.000000
editors	w:information	-0.000000
editors	w:injection	0.000000
editors	w:input	-0.000000
editors	w:install	0.000000
editors	w:integrate	0.000000
editors	w:integrates	0.000000
editors	w:integration	0.331846
editors	w:intel	-0.000000
editors	w:interface	-0.000000
editors	w:iosevka	-0.000000
editors	w:jack	0.000000
editors	w:java	1.715368
editors	w:javascript	-0.000000
editors	w:jetbrains	3.497224
editors	w:json	0.240968
editors	w:kde	-0.000000
editors	w:kernel	-0.000000
editors	w:keyboard	0.000000
editors	w:kio	0.000000
editors	w:kodi	-0.000000
editors	w:kubernetes	0.000000
editors	w:language	0.096965
editors	w:languages	-0.000000
editors	w:laptop	0.000000
editors	w:libraries	-0.000000
editors	w:library	-0.182662
editors	w:libreoffice	-0.000000
editors	w:libretro	-0.000000
editors	w:ligature	-0.000000
editors	w:ligatures	-0.000000
editors	w:lightweight	-0.000000
editors	w:lilypond	0.000000
editors	w:line	-0.000000
editors	w:linphone	0.000000
editors	w:linux	-0.000000
editors	w:lisp	0.000000
editors	w:lldb	0.000000
editors	w:llvm	0.000000
editors	w:lomiri	-0.000000
editors	w:lua	0.302483
editors	w:lv2	-0.000000
editors	w:lxqt	-0.000000
editors	w:machine	0.000000
editors	w:make	0.000000
editors	w:makes	0.000000
editors	w:man	-0.000000
editors	w:manage	-0.000000
editors	w:management	0.196029
editors	w:manager	-0.000000
editors	w:many	0.000000
editors	w:markdown	0.740109
editors	w:menu	0.268924
editors	w:method	0.000000
editors	w:mimicking	-0.000000
editors	w:minecraft	-0.000000
editors	w:minimal	0.000000
editors	w:mobile	-0.000000
editors	w:mod	-0.000000
editors	w:mode	0.268924
editors	w:model	-0.000000
editors	w:modern	0.240968
editors	w:module	-0.000000
editors	w:monitor	0.000000
editors	w:monitoring	-0.000000
editors	w:mono	-0.000000
editors	w:monospace	0.000000
editors	w:mopidy	-0.000000
editors	w:multitran	0.000000
editors	w:music	-0.000000
editors	w:native	0.302483
editors	w:neovim	4.435792
editors	w:nerd	-0.000000
editors	w:net	0.065267
editors	w:network	-0.000000
editors	w:networking	0.000000
editors	w:new	0.268924
editors	w:nix	0.000000
editors	w:normal	-0.000000
editors	w:notification	0.000000
editors	w:notifications	0.000000
editors	w:nvidia	0.000000
editors	w:obs	-0.000000
editors	w:obtain	0.000000
editors	w:ocaml	-0.000000
editors	w:official	1.877479
editors	w:one	0.000000
editors	w:open	-0.000000
editors	w:open-source	0.000000
editors	w:openjdk	0.000000
editors	w:optimization	-0.000000
editors	w:original	-0.000000
editors	w:package	-0.000000
editors	w:page	0.000000
editors	w:pages	0.000000
editors	w:panel	-0.000000
editors	w:pantheon	-0.000000
editors	w:parser	0.000000
editors	w:pass	-0.000000
editors	w:password	0.000000
editors	w:passwords	0.000000
editors	w:php	0.268924
editors	w:pim	-0.000000
editors	w:plasma	-0.000000
editors	w:platform	0.932371
editors	w:player	-0.000000
editors	w:playing	-0.000000
editors	w:plug	0.000000
editors	w:plugin	0.328446
editors	w:plugins	0.196029
editors	w:port	-0.000000
editors	w:postgresql	-0.000000
editors	w:power	0.000000
editors	w:powerful	0.000000
editors	w:printer	-0.000000
editors	w:process	0.000000
editors	w:program	0.000000
editors	w:programming	-0.000000
editors	w:programs	0.240968
editors	w:project	-0.000000
editors	w:protocol	-0.000000
editors	w:provides	0.056378
editors	w:providing	0.217004
editors	w:puzzle	0.000000
editors	w:python	0.485617
editors	w:qml	0.000000
editors	w:quake	-0.000000
editors	w:quickly	0.000000
editors	w:re-imagination	0.000000
editors	w:real-time	0.000000
editors	w:realtek	-0.000000
editors	w:red	0.000000
editors	w:release	0.000000
editors	w:round	-0.000000
editors	w:running	0.000000
editors	w:runtime	-0.000000
editors	w:rust	0.145306
editors	w:scalable	0.000000
editors	w:scheme	0.095100
editors	w:script	-0.000000
editors	w:scripts	-0.000000
editors	w:sdk	0.000000
editors	w:search	0.177378
editors	w:security	0.000000
editors	w:server	-0.024936
editors	w:service	0.095100
editors	w:session	0.000000
editors	w:set	-0.000000
editors	w:settings	-0.000000
editors	w:shell	-0.000000
editors	w:simple	-0.000000
editors	w:single	0.000000
editors	w:skk	-0.000000
editors	w:small	-0.000000
editors	w:software	-0.000000
editors	w:some	0.000000
editors	w:sound	0.000000
editors	w:source	-0.151819
editors	w:ssh	0.000000
editors	w:standard	0.131295
editors	w:state	0.740109
editors	w:status	0.000000
editors	w:studio	0.566533
editors	w:style	-0.000000
editors	w:suite	0.000000
editors	w:support	1.118133
editors	w:supporting	0.000000
editors	w:swift	0.000000
editors	w:switchboard	0.000000
editors	w:syntax	1.801172
editors	w:system	0.048089
editors	w:systems	-0.000000
editors	w:terminal	0.145306
editors	w:test	-0.000000
editors	w:text	0.820979
editors	w:theme	0.374644
editors	w:through	0.000000
editors	w:time	-0.000000
editors	w:tiny	-0.000000
editors	w:tmux	-0.000000
editors	w:tool	-0.095259
editors	w:toolchain	0.000000
editors	w:tools	0.517562
editors	w:top	-0.000000
editors	w:touch	-0.000000
editors	w:translatelocally	-0.000000
editors	w:tree	0.000000
editors	w:typing	0.000000
editors	w:ubuntu	0.000000
editors	w:unhinted	0.000000
editors	w:unicode	0.000000
editors	w:useful	0.000000
editors	w:user	-0.000000
editors	w:uses	0.217004
editors	w:utilities	-0.000000
editors	w:utility	-0.000000
editors	w:values	0.000000
editors	w:variant	0.118354
editors	w:various	-0.000000
editors	w:vdr	0.000000
editors	w:version	0.000000
editors	w:video	0.000000
editors	w:view	0.268924
editors	w:viewer	-0.000000
editors	w:vim	2.682880
editors	w:virtual	0.000000
editors	w:visual	1.102378
editors	w:wayland	-0.000000
editors	w:web	0.383136
editors	w:weechat	0.000000
editors	w:width	-0.000000
editors	w:window	0.000000
editors	w:windows	-0.000000
editors	w:wingpanel	0.000000
editors	w:work	0.000000
editors	w:working	0.000000
editors	w:wrapper	-0.000000
editors	w:written	-0.000000
editors	w:x86	0.000000
editors	w:yamagi	0.000000
editors	w:znc	0.000000
emulators	builder:buildDotnetModule	0.000000
emulators	builder:buildDunePackage	0.000000
emulators	builder:buildEnv	0.000000
emulators	builder:buildFHSEnv	0.000000
emulators	builder:buildGoModule	-0.000000
emulators	builder:buildHomeAssistantComponent	0.000000
emulators	builder:buildKodiAddon	0.000000
emulators	builder:buildNpmPackage	0.000000
emulators	builder:buildPythonApplication	0.000000
emulators	builder:buildPythonPackage	0.000000
emulators	builder:fetchurl	-0.000000
emulators	builder:fetchzip	0.056992
emulators	builder:mkDerivation	0.000000
emulators	builder:runCommand	0.011828
emulators	builder:rustPlatform.buildRustPackage	0.000000
emulators	builder:stdenv.mkDerivation	-0.618155
emulators	builder:stdenvNoCC.mkDerivation	-0.000000
emulators	builder:symlinkJoin	0.000000
emulators	builder:vimUtils.buildVimPlugin	0.000000
emulators	desktop:true	0.000000
emulators	gui:gtk3	-0.000000
emulators	gui:gtk4	0.000000
emulators	gui:wrapGAppsHook3	-0.000000
emulators	gui:wrapGAppsHook4	0.000000
emulators	gui:wrapQtAppsHook	-0.000000
emulators	has:mainProgram	2.747245
emulators	host:brother.com	0.000000
emulators	host:buildbot.net	0.000000
emulators	host:ctan.org	0.000000
emulators	host:developer.android.com	0.000000
emulators	host:dotnet.github.io	0.000000
emulators	host:eclipse.org	0.000000
emulators	host:enlightenment.org	0.000000
emulators	host:extensions.gnome.org	0.000000
emulators	host:ftp.gnu.org	0.000000
emulators	host:gitlab.linphone.org	0.000000
emulators	host:gnu.org	0.000000
emulators	host:grafana.com	0.000000
emulators	host:invent.kde.org	-0.000000
emulators	host:jetbrains.com	0.000000
emulators	host:kernel.org	0.000000
emulators	host:lilypond.org	0.000000
emulators	host:multitran.sourceforge.net	0.000000
emulators	host:nerdfonts.com	0.000000
emulators	host:open-music-kontrollers.ch	0.000000
emulators	host:opensource.apple.com	0.000000
emulators	host:optifine.net	0.000000
emulators	host:pagure.io	0.000000
emulators	host:translatelocally.com	0.000000
emulators	host:web.archive.org	0.000000
emulators	host:wiki.call-cc.org	0.000000
emulators	host:wiki.documentfoundation.org	0.000000
emulators	license:AGPL-3.0-only	0.000000
emulators	license:APSL-1.0	0.000000
emulators	license:APSL-2.0	0.000000
emulators	license:Apache-2.0	-0.000000
emulators	license:Artistic-2.0	0.000000
emulators	license:BSD-2-Clause	-0.000000
emulators	license:BSD-3-Clause	-0.000000
emulators	license:BSL-1.0	0.000000
emulators	license:CC-BY-4.0	0.000000
emulators	license:CC-BY-SA-3.0	0.000000
emulators	license:CC-BY-SA-4.0	-0.000000
emulators	license:CC0-1.0	-0.000000
emulators	license:Classpath-exception-2.0	0.000000
emulators	license:EPL-1.0	0.000000
emulators	license:FSFAP	0.000000
emulators	license:GPL-2.0	-0.000000
emulators	license:GPL-2.0-only	0.057213
emulators	license:GPL-2.0-or-later	-0.000000
emulators	license:GPL-3.0	-0.000000
emulators	license:GPL-3.0-only	0.979279
emulators	license:GPL-3.0-or-later	-0.094406
emulators	license:ISC	0.000000
emulators	license:LGPL-2.0-only	-0.000000
emulators	license:LGPL-2.0-or-later	-0.000000
emulators	license:LGPL-2.1	0.428518
emulators	license:LGPL-2.1-only	-0.000000
emulators	license:LGPL-2.1-or-later	0.025059
emulators	license:LGPL-3.0-only	0.043557
emulators	license:LGPL-3.0-or-later	-0.000000
emulators	license:LPPL-1.3c	0.000000
emulators	license:MIT	-0.068023
emulators	license:MPL-2.0	-0.000000
emulators	license:OFL-1.1	-0.000000
emulators	license:PostgreSQL	0.000000
emulators	license:Unlicense	0.000000
emulators	license:free	0.000000
emulators	license:publicDomain	0.000000
emulators	license:unfree	-0.000000
emulators	license:unfreeRedistributable	1.757230
emulators	name:prefix:kde-	0.000000
emulators	name:prefix:lib	-0.000000
emulators	name:suffix-bin	0.000000
emulators	name:suffix-driver	0.000000
emulators	name:suffix-server	0.000000
emulators	name:suffix-theme	0.000000
emulators	name:suffix-tools	0.000000
emulators	svc:true	-0.000000
emulators	w:about	0.000000
emulators	w:access	0.000000
emulators	w:addon	0.000000
emulators	w:adds	0.000000
emulators	w:advanced	0.000000
emulators	w:agent	0.000000
emulators	w:akonadi	0.000000
emulators	w:alert	0.000000
emulators	w:allows	0.000000
emulators	w:also	0.000000
emulators	w:alternative	0.000000
emulators	w:amd	0.000000
emulators	w:analysis	0.000000
emulators	w:android	0.000000
emulators	w:api	0.000000
emulators	w:app	0.000000
emulators	w:application	0.000000
emulators	w:applications	0.000000
emulators	w:apps	0.000000
emulators	w:around	0.501400
emulators	w:aspell	0.000000
emulators	w:assist	0.000000
emulators	w:assistant	0.000000
emulators	w:audio	0.000000
emulators	w:base	0.000000
emulators	w:berkeley	0.000000
emulators	w:between	0.000000
emulators	w:binary	0.000000
emulators	w:bluetooth	0.000000
emulators	w:brother	0.000000
emulators	w:browser	0.000000
emulators	w:build	0.000000
emulators	w:buildbot	0.000000
emulators	w:building	0.000000
emulators	w:built	0.000000
emulators	w:but	0.000000
emulators	w:c++	0.000000
emulators	w:calculator	0.000000
emulators	w:calendar	0.000000
emulators	w:capture	0.000000
emulators	w:cards	0.000000
emulators	w:channel	0.000000
emulators	w:characters	0.000000
emulators	w:check	0.000000
emulators	w:chicken	0.000000
emulators	w:clang	0.000000
emulators	w:clean	0.000000
emulators	w:client	-0.000000
emulators	w:clients	0.000000
emulators	w:cloud	0.000000
emulators	w:code	0.000000
emulators	w:collection	0.000000
emulators	w:color	0.000000
emulators	w:command	-0.000000
emulators	w:commands	0.000000
emulators	w:common	0.000000
emulators	w:compiler	0.000000
emulators	w:component	0.000000
emulators	w:components	0.000000
emulators	w:condensed	0.000000
emulators	w:configuration	0.000000
emulators	w:connect	0.000000
emulators	w:conquer	0.000000
emulators	w:console	0.000000
emulators	w:control	0.000000
emulators	w:controller	0.000000
emulators	w:controlling	0.000000
emulators	w:core	0.409871
emulators	w:corner	0.000000
emulators	w:create	0.000000
emulators	w:custom	0.000000
emulators	w:customizable	0.000000
emulators	w:daemon	0.000000
emulators	w:darwin	0.000000
emulators	w:data	0.000000
emulators	w:database	0.000000
emulators	w:deadbeef	0.000000
emulators	w:designed	0.000000
emulators	w:desktop	0.000000
emulators	w:developers	0.000000
emulators	w:development	0.000000
emulators	w:device	0.000000
emulators	w:devices	0.000000
emulators	w:dictionary	-0.000000
emulators	w:disk	0.000000
emulators	w:display	0.000000
emulators	w:displays	0.000000
emulators	w:distributed	0.000000
emulators	w:distribution	0.000000
emulators	w:documentation	0.000000
emulators	w:documents	0.000000
emulators	w:dotted	0.000000
emulators	w:driver	-0.000000
emulators	w:drivers	0.000000
emulators	w:easy	0.000000
emulators	w:eclipse	0.000000
emulators	w:editor	0.000000
emulators	w:efficient	0.000000
emulators	w:elementary	0.000000
emulators	w:elm	0.000000
emulators	w:embedded	0.000000
emulators	w:emulator	0.000000
emulators	w:engine	0.000000
emulators	w:english	0.000000
emulators	w:environment	0.000000
emulators	w:extensible	0.000000
emulators	w:extension	-0.000000
emulators	w:fast	0.000000
emulators	w:features	0.000000
emulators	w:file	0.000000
emulators	w:files	0.000000
emulators	w:firefox	0.000000
emulators	w:firmware	0.000000
emulators	w:fish	0.000000
emulators	w:flexible	0.000000
emulators	w:font	-0.000000
emulators	w:fonts	0.177928
emulators	w:fork	1.240664
emulators	w:format	0.000000
emulators	w:framework	0.000000
emulators	w:free	0.000000
emulators	w:freshrss	0.000000
emulators	w:functionality	0.000000
emulators	w:functions	0.000000
emulators	w:game	-0.000000
emulators	w:games	0.000000
emulators	w:generator	0.000000
emulators	w:ghidra	0.000000
emulators	w:gnome	0.000000
emulators	w:gnu	0.000000
emulators	w:google	0.000000
emulators	w:grafana	0.000000
emulators	w:gui	0.000000
emulators	w:handling	0.000000
emulators	w:hardware	0.000000
emulators	w:hashes	0.000000
emulators	w:helm	0.000000
emulators	w:high	0.000000
emulators	w:high-performance	0.000000
emulators	w:highlighting	0.000000
emulators	w:home	0.000000
emulators	w:http	0.000000
emulators	w:hyphen	0.000000
emulators	w:hyprland	0.000000
emulators	w:ibus	0.000000
emulators	w:ide	-0.000000
emulators	w:image	0.000000
emulators	w:implementation	-0.000000
emulators	w:including	0.000000
emulators	w:indian	0.000000
emulators	w:indicator	0.000000
emulators	w:information	0.000000
emulators	w:injection	0.000000
emulators	w:input	0.000000
emulators	w:install	0.534955
emulators	w:integrate	0.000000
emulators	w:integrates	0.000000
emulators	w:integration	0.000000
emulators	w:intel	0.000000
emulators	w:interface	0.000000
emulators	w:iosevka	0.000000
emulators	w:jack	0.000000
emulators	w:java	0.000000
emulators	w:javascript	0.000000
emulators	w:jetbrains	0.000000
emulators	w:json	0.000000
emulators	w:kde	0.000000
emulators	w:kernel	-0.000000
emulators	w:keyboard	0.000000
emulators	w:kio	0.000000
emulators	w:kodi	0.000000
emulators	w:kubernetes	0.000000
emulators	w:language	-0.000000
emulators	w:languages	0.000000
emulators	w:laptop	0.000000
emulators	w:libraries	0.000000
emulators	w:library	-0.000000
emulators	w:libreoffice	0.000000
emulators	w:libretro	6.398575
emulators	w:ligature	0.000000
emulators	w:ligatures	0.000000
emulators	w:lightweight	0.000000
emulators	w:lilypond	0.000000
emulators	w:line	0.000000
emulators	w:linphone	0.000000
emulators	w:linux	0.383625
emulators	w:lisp	0.000000
emulators	w:lldb	0.000000
emulators	w:llvm	0.000000
emulators	w:lomiri	0.000000
emulators	w:lua	0.000000
emulators	w:lv2	0.000000
emulators	w:lxqt	0.000000
emulators	w:machine	0.000000
emulators	w:make	0.000000
emulators	w:makes	0.000000
emulators	w:man	0.000000
emulators	w:manage	0.000000
emulators	w:management	0.000000
emulators	w:manager	0.000000
emulators	w:many	0.000000
emulators	w:markdown	0.000000
emulators	w:menu	0.000000
emulators	w:method	0.000000
emulators	w:mimicking	0.000000
emulators	w:minecraft	0.000000
emulators	w:minimal	0.000000
emulators	w:mobile	0.000000
emulators	w:mod	0.000000
emulators	w:mode	0.000000
emulators	w:model	0.000000
emulators	w:modern	0.000000
emulators	w:module	-0.000000
emulators	w:monitor	0.000000
emulators	w:monitoring	0.000000
emulators	w:mono	0.000000
emulators	w:monospace	0.000000
emulators	w:mopidy	0.000000
emulators	w:multitran	0.000000
emulators	w:music	0.000000
emulators	w:native	0.000000
emulators	w:neovim	0.000000
emulators	w:nerd	0.000000
emulators	w:net	0.000000
emulators	w:network	0.000000
emulators	w:networking	0.000000
emulators	w:new	0.000000
emulators	w:nix	0.000000
emulators	w:normal	0.000000
emulators	w:notification	0.000000
emulators	w:notifications	0.000000
emulators	w:nvidia	0.000000
emulators	w:obs	0.000000
emulators	w:obtain	0.000000
emulators	w:ocaml	0.000000
emulators	w:official	0.000000
emulators	w:one	0.000000
emulators	w:open	-0.000000
emulators	w:open-source	0.000000
emulators	w:openjdk	0.000000
emulators	w:optimization	0.000000
emulators	w:original	0.000000
emulators	w:package	0.000000
emulators	w:page	0.000000
emulators	w:pages	0.000000
emulators	w:panel	0.000000
emulators	w:pantheon	0.000000
emulators	w:parser	0.000000
emulators	w:pass	0.000000
emulators	w:password	0.000000
emulators	w:passwords	0.000000
emulators	w:php	0.000000
emulators	w:pim	0.000000
emulators	w:plasma	0.000000
emulators	w:platform	0.000000
emulators	w:player	0.350865
emulators	w:playing	0.000000
emulators	w:plug	0.000000
emulators	w:plugin	-0.000000
emulators	w:plugins	0.000000
emulators	w:port	4.079612
emulators	w:postgresql	0.000000
emulators	w:power	0.000000
emulators	w:powerful	0.000000
emulators	w:printer	0.000000
emulators	w:process	0.000000
emulators	w:program	0.000000
emulators	w:programming	0.000000
emulators	w:programs	0.473448
emulators	w:project	0.894842
emulators	w:protocol	0.000000
emulators	w:provides	0.000000
emulators	w:providing	0.000000
emulators	w:puzzle	0.000000
emulators	w:python	0.000000
emulators	w:qml	0.000000
emulators	w:quake	0.000000
emulators	w:quickly	0.000000
emulators	w:re-imagination	0.000000
emulators	w:real-time	0.000000
emulators	w:realtek	0.000000
emulators	w:red	0.000000
emulators	w:release	0.000000
emulators	w:round	0.000000
emulators	w:running	0.000000
emulators	w:runtime	0.000000
emulators	w:rust	0.000000
emulators	w:scalable	0.000000
emulators	w:scheme	0.000000
emulators	w:script	0.317090
emulators	w:scripts	0.000000
emulators	w:sdk	0.000000
emulators	w:search	0.000000
emulators	w:security	0.000000
emulators	w:server	0.000000
emulators	w:service	0.000000
emulators	w:session	0.000000
emulators	w:set	0.000000
emulators	w:settings	0.000000
emulators	w:shell	0.000000
emulators	w:simple	0.000000
emulators	w:single	0.000000
emulators	w:skk	0.000000
emulators	w:small	0.000000
emulators	w:software	0.000000
emulators	w:some	0.000000
emulators	w:sound	0.000000
emulators	w:source	-0.000000
emulators	w:ssh	0.000000
emulators	w:standard	0.000000
emulators	w:state	0.000000
emulators	w:status	0.000000
emulators	w:studio	0.000000
emulators	w:style	0.000000
emulators	w:suite	0.000000
emulators	w:support	-0.000000
emulators	w:supporting	0.000000
emulators	w:swift	0.000000
emulators	w:switchboard	0.000000
emulators	w:syntax	0.000000
emulators	w:system	-0.000000
emulators	w:systems	0.428518
emulators	w:terminal	0.000000
emulators	w:test	0.000000
emulators	w:text	0.000000
emulators	w:theme	0.000000
emulators	w:through	0.000000
emulators	w:time	0.000000
emulators	w:tiny	0.000000
emulators	w:tmux	0.000000
emulators	w:tool	-0.000000
emulators	w:toolchain	0.000000
emulators	w:tools	0.000000
emulators	w:top	0.000000
emulators	w:touch	0.000000
emulators	w:translatelocally	0.000000
emulators	w:tree	0.000000
emulators	w:typing	0.000000
emulators	w:ubuntu	0.000000
emulators	w:unhinted	0.000000
emulators	w:unicode	0.000000
emulators	w:useful	0.000000
emulators	w:user	0.000000
emulators	w:uses	0.000000
emulators	w:utilities	0.000000
emulators	w:utility	0.000000
emulators	w:values	0.000000
emulators	w:variant	0.000000
emulators	w:various	0.000000
emulators	w:vdr	0.000000
emulators	w:version	0.000000
emulators	w:video	0.000000
emulators	w:view	0.000000
emulators	w:viewer	0.000000
emulators	w:vim	0.000000
emulators	w:virtual	0.000000
emulators	w:visual	0.000000
emulators	w:wayland	0.000000
emulators	w:web	0.000000
emulators	w:weechat	0.000000
emulators	w:width	0.000000
emulators	w:window	0.000000
emulators	w:windows	0.409871
emulators	w:wingpanel	0.000000
emulators	w:work	0.534955
emulators	w:working	0.000000
emulators	w:wrapper	0.243541
emulators	w:written	0.000000
emulators	w:x86	0.501400
emulators	w:yamagi	0.000000
emulators	w:znc	0.000000
fonts	builder:buildDotnetModule	-0.000000
fonts	builder:buildDunePackage	-0.000000
fonts	builder:buildEnv	-0.000000
fonts	builder:buildFHSEnv	0.000000
fonts	builder:buildGoModule	-0.000000
fonts	builder:buildHomeAssistantComponent	-0.000000
fonts	builder:buildKodiAddon	-0.000000
fonts	builder:buildNpmPackage	0.129097
fonts	builder:buildPythonApplication	-0.000000
fonts	builder:buildPythonPackage	-0.000000
fonts	builder:fetchurl	1.646788
fonts	builder:fetchzip	1.695644
fonts	builder:mkDerivation	-0.000000
fonts	builder:runCommand	-0.000000
fonts	builder:rustPlatform.buildRustPackage	-0.000000
fonts	builder:stdenv.mkDerivation	-0.936681
fonts	builder:stdenvNoCC.mkDerivation	3.512650
fonts	builder:symlinkJoin	-0.000000
fonts	builder:vimUtils.buildVimPlugin	-0.000000
fonts	desktop:true	-0.000000
fonts	gui:gtk3	-0.000000
fonts	gui:gtk4	-0.000000
fonts	gui:wrapGAppsHook3	-0.000000
fonts	gui:wrapGAppsHook4	-0.000000
fonts	gui:wrapQtAppsHook	-0.000000
fonts	has:mainProgram	-0.000000
fonts	host:brother.com	-0.000000
fonts	host:buildbot.net	0.000000
fonts	host:ctan.org	-0.000000
fonts	host:developer.android.com	0.000000
fonts	host:dotnet.github.io	-0.000000
fonts	host:eclipse.org	-0.000000
fonts	host:enlightenment.org	0.000000
fonts	host:extensions.gnome.org	-0.000000
fonts	host:ftp.gnu.org	-0.000000
fonts	host:gitlab.linphone.org	0.000000
fonts	host:gnu.org	0.000000
fonts	host:grafana.com	-0.000000
fonts	host:invent.kde.org	-0.000000
fonts	host:jetbrains.com	-0.000000
fonts	host:kernel.org	0.000000
fonts	host:lilypond.org	0.000000
fonts	host:multitran.sourceforge.net	0.000000
fonts	host:nerdfonts.com	5.508680
fonts	host:open-music-kontrollers.ch	0.000000
fonts	host:opensource.apple.com	-0.000000
fonts	host:optifine.net	-0.000000
fonts	host:pagure.io	4.593563
fonts	host:translatelocally.com	-0.000000
fonts	host:web.archive.org	2.677076
fonts	host:wiki.call-cc.org	-0.000000
fonts	host:wiki.documentfoundation.org	-0.000000
fonts	license:AGPL-3.0-only	-0.000000
fonts	license:APSL-1.0	0.000000
fonts	license:APSL-2.0	-0.000000
fonts	license:Apache-2.0	-0.000000
fonts	license:Artistic-2.0	-0.000000
fonts	license:BSD-2-Clause	-0.000000
fonts	license:BSD-3-Clause	-0.397053
fonts	license:BSL-1.0	0.000000
fonts	license:CC-BY-4.0	-0.000000
fonts	license:CC-BY-SA-3.0	0.000000
fonts	license:CC-BY-SA-4.0	-0.078336
fonts	license:CC0-1.0	-0.000000
fonts	license:Classpath-exception-2.0	0.000000
fonts	license:EPL-1.0	0.000000
fonts	license:FSFAP	0.000000
fonts	license:GPL-2.0	0.189032
fonts	license:GPL-2.0-only	-0.000000
fonts	license:GPL-2.0-or-later	-0.000000
fonts	license:GPL-3.0	-0.000000
fonts	license:GPL-3.0-only	-0.000000
fonts	license:GPL-3.0-or-later	-0.000000
fonts	license:ISC	0.000000
fonts	license:LGPL-2.0-only	-0.000000
fonts	license:LGPL-2.0-or-later	-0.000000
fonts	license:LGPL-2.1	-0.000000
fonts	license:LGPL-2.1-only	-0.000000
fonts	license:LGPL-2.1-or-later	-0.000000
fonts	license:LGPL-3.0-only	-0.000000
fonts	license:LGPL-3.0-or-later	-0.000000
fonts	license:LPPL-1.3c	0.000000
fonts	license:MIT	0.329545
fonts	license:MPL-2.0	-0.000000
fonts	license:OFL-1.1	6.293425
fonts	license:PostgreSQL	0.000000
fonts	license:Unlicense	0.000000
fonts	license:free	0.193832
fonts	license:publicDomain	-0.000000
fonts	license:unfree	0.527344
fonts	license:unfreeRedistributable	-0.000000
fonts	name:prefix:kde-	0.000000
fonts	name:prefix:lib	-0.078336
fonts	name:suffix-bin	-0.000000
fonts	name:suffix-driver	0.000000
fonts	name:suffix-server	0.000000
fonts	name:suffix-theme	0.000000
fonts	name:suffix-tools	0.000000
fonts	svc:true	-0.000000
fonts	w:about	0.000000
fonts	w:access	-0.000000
fonts	w:addon	0.000000
fonts	w:adds	-0.000000
fonts	w:advanced	0.000000
fonts	w:agent	0.000000
fonts	w:akonadi	0.000000
fonts	w:alert	0.000000
fonts	w:allows	-0.000000
fonts	w:also	0.000000
fonts	w:alternative	0.158385
fonts	w:amd	0.000000
fonts	w:analysis	-0.000000
fonts	w:android	0.000000
fonts	w:api	0.000000
fonts	w:app	-0.000000
fonts	w:application	-0.000000
fonts	w:applications	-0.000000
fonts	w:apps	0.000000
fonts	w:around	0.000000
fonts	w:aspell	-0.000000
fonts	w:assist	0.000000
fonts	w:assistant	-0.000000
fonts	w:audio	-0.000000
fonts	w:base	0.266727
fonts	w:berkeley	4.425081
fonts	w:between	0.000000
fonts	w:binary	-0.000000
fonts	w:bluetooth	0.000000
fonts	w:brother	-0.000000
fonts	w:browser	-0.000000
fonts	w:build	0.116156
fonts	w:buildbot	0.000000
fonts	w:building	0.000000
fonts	w:built	-0.000000
fonts	w:but	0.000000
fonts	w:c++	-0.000000
fonts	w:calculator	0.000000
fonts	w:calendar	0.000000
fonts	w:capture	0.000000
fonts	w:cards	0.000000
fonts	w:channel	0.000000
fonts	w:characters	1.567760
fonts	w:check	-0.000000
fonts	w:chicken	0.000000
fonts	w:clang	0.000000
fonts	w:clean	0.300286
fonts	w:client	-0.000000
fonts	w:clients	0.000000
fonts	w:cloud	0.000000
fonts	w:code	-0.037628
fonts	w:collection	-0.000000
fonts	w:color	0.000000
fonts	w:command	2.575063
fonts	w:commands	-0.000000
fonts	w:common	-0.000000
fonts	w:compiler	-0.000000
fonts	w:component	-0.000000
fonts	w:components	-0.000000
fonts	w:condensed	2.675960
fonts	w:configuration	2.510141
fonts	w:connect	0.000000
fonts	w:conquer	0.000000
fonts	w:console	0.000000
fonts	w:control	-0.000000
fonts	w:controller	0.000000
fonts	w:controlling	0.000000
fonts	w:core	-0.000000
fonts	w:corner	5.398938
fonts	w:create	0.000000
fonts	w:custom	-0.000000
fonts	w:customizable	0.000000
fonts	w:daemon	-0.000000
fonts	w:darwin	-0.000000
fonts	w:data	-0.000000
fonts	w:database	-0.000000
fonts	w:deadbeef	0.000000
fonts	w:designed	1.104451
fonts	w:desktop	-0.000000
fonts	w:developers	0.175180
fonts	w:development	-0.000000
fonts	w:device	-0.000000
fonts	w:devices	-0.000000
fonts	w:dictionary	-0.000000
fonts	w:disk	0.000000
fonts	w:display	0.000000
fonts	w:displays	-0.000000
fonts	w:distributed	-0.000000
fonts	w:distribution	0.000000
fonts	w:documentation	0.000000
fonts	w:documents	0.000000
fonts	w:dotted	2.675960
fonts	w:driver	-0.000000
fonts	w:drivers	0.000000
fonts	w:easy	-0.000000
fonts	w:eclipse	-0.000000
fonts	w:editor	-0.000000
fonts	w:efficient	0.000000
fonts	w:elementary	-0.000000
fonts	w:elm	0.000000
fonts	w:embedded	0.000000
fonts	w:emulator	0.000000
fonts	w:engine	-0.000000
fonts	w:english	0.000000
fonts	w:environment	-0.000000
fonts	w:extensible	0.000000
fonts	w:extension	-0.000000
fonts	w:fast	-0.000000
fonts	w:features	-0.000000
fonts	w:file	-0.000000
fonts	w:files	-0.000000
fonts	w:firefox	0.000000
fonts	w:firmware	0.000000
fonts	w:fish	-0.000000
fonts	w:flexible	0.000000
fonts	w:font	4.080285
fonts	w:fonts	5.045763
fonts	w:fork	0.129097
fonts	w:format	0.300286
fonts	w:framework	-0.000000
fonts	w:free	2.017397
fonts	w:freshrss	0.000000
fonts	w:functionality	0.000000
fonts	w:functions	0.000000
fonts	w:game	-0.000000
fonts	w:games	0.000000
fonts	w:generator	0.000000
fonts	w:ghidra	0.000000
fonts	w:gnome	-0.000000
fonts	w:gnu	-0.000000
fonts	w:google	0.000000
fonts	w:grafana	-0.000000
fonts	w:gui	0.000000
fonts	w:handling	0.000000
fonts	w:hardware	0.000000
fonts	w:hashes	0.000000
fonts	w:helm	0.000000
fonts	w:high	0.300286
fonts	w:high-performance	0.000000
fonts	w:highlighting	0.000000
fonts	w:home	-0.000000
fonts	w:http	0.000000
fonts	w:hyphen	-0.000000
fonts	w:hyprland	-0.000000
fonts	w:ibus	-0.000000
fonts	w:ide	2.182938
fonts	w:image	0.000000
fonts	w:implementation	-0.000000
fonts	w:including	0.000000
fonts	w:indian	4.593563
fonts	w:indicator	-0.000000
fonts	w:information	-0.000000
fonts	w:injection	0.000000
fonts	w:input	-0.000000
fonts	w:install	0.000000
fonts	w:integrate	0.000000
fonts	w:integrates	0.000000
fonts	w:integration	-0.000000
fonts	w:intel	-0.000000
fonts	w:interface	-0.000000
fonts	w:iosevka	4.593563
fonts	w:jack	0.000000
fonts	w:java	-0.000000
fonts	w:javascript	-0.000000
fonts	w:jetbrains	-0.000000
fonts	w:json	0.000000
fonts	w:kde	-0.000000
fonts	w:kernel	-0.000000
fonts	w:keyboard	0.000000
fonts	w:kio	0.000000
fonts	w:kodi	-0.000000
fonts	w:kubernetes	0.000000
fonts	w:language	-0.000000
fonts	w:languages	3.799629
fonts	w:laptop	0.000000
fonts	w:libraries	-0.000000
fonts	w:library	-0.000000
fonts	w:libreoffice	-0.000000
fonts	w:libretro	-0.000000
fonts	w:ligature	5.032970
fonts	w:ligatures	5.613358
fonts	w:lightweight	-0.000000
fonts	w:lilypond	0.000000
fonts	w:line	3.151649
fonts	w:linphone	0.000000
fonts	w:linux	-0.000000
fonts	w:lisp	0.000000
fonts	w:lldb	0.000000
fonts	w:llvm	0.000000
fonts	w:lomiri	-0.000000
fonts	w:lua	0.000000
fonts	w:lv2	-0.000000
fonts	w:lxqt	-0.000000
fonts	w:machine	0.000000
fonts	w:make	0.000000
fonts	w:makes	0.000000
fonts	w:man	-0.000000
fonts	w:manage	-0.000000
fonts	w:management	-0.000000
fonts	w:manager	-0.000000
fonts	w:many	0.300286
fonts	w:markdown	0.000000
fonts	w:menu	0.000000
fonts	w:method	0.000000
fonts	w:mimicking	4.425081
fonts	w:minecraft	-0.000000
fonts	w:minimal	0.000000
fonts	w:mobile	-0.000000
fonts	w:mod	-0.000000
fonts	w:mode	0.000000
fonts	w:model	-0.000000
fonts	w:modern	0.606768
fonts	w:module	-0.000000
fonts	w:monitor	0.000000
fonts	w:monitoring	-0.000000
fonts	w:mono	3.649109
fonts	w:monospace	3.318331
fonts	w:mopidy	-0.000000
fonts	w:multitran	0.000000
fonts	w:music	-0.000000
fonts	w:native	0.000000
fonts	w:neovim	-0.000000
fonts	w:nerd	6.682039
fonts	w:net	-0.000000
fonts	w:network	-0.000000
fonts	w:networking	0.000000
fonts	w:new	0.664298
fonts	w:nix	0.000000
fonts	w:normal	4.750041
fonts	w:notification	0.000000
fonts	w:notifications	0.000000
fonts	w:nvidia	0.000000
fonts	w:obs	-0.000000
fonts	w:obtain	0.000000
fonts	w:ocaml	-0.000000
fonts	w:official	0.000000
fonts	w:one	0.000000
fonts	w:open	3.406179
fonts	w:open-source	0.266727
fonts	w:openjdk	0.000000
fonts	w:optimization	-0.000000
fonts	w:original	-0.000000
fonts	w:package	-0.000000
fonts	w:page	0.000000
fonts	w:pages	0.000000
fonts	w:panel	-0.000000
fonts	w:pantheon	-0.000000
fonts	w:parser	0.000000
fonts	w:pass	-0.000000
fonts	w:password	0.000000
fonts	w:passwords	0.000000
fonts	w:php	0.000000
fonts	w:pim	-0.000000
fonts	w:plasma	-0.000000
fonts	w:platform	0.000000
fonts	w:player	-0.000000
fonts	w:playing	-0.000000
fonts	w:plug	0.000000
fonts	w:plugin	-0.000000
fonts	w:plugins	-0.000000
fonts	w:port	-0.000000
fonts	w:postgresql	-0.000000
fonts	w:power	0.000000
fonts	w:powerful	0.000000
fonts	w:printer	-0.000000
fonts	w:process	0.000000
fonts	w:program	0.000000
fonts	w:programming	0.318084
fonts	w:programs	0.000000
fonts	w:project	-0.000000
fonts	w:protocol	-0.000000
fonts	w:provides	-0.000000
fonts	w:providing	0.000000
fonts	w:puzzle	0.000000
fonts	w:python	-0.000000
fonts	w:qml	0.000000
fonts	w:quake	-0.000000
fonts	w:quickly	0.000000
fonts	w:re-imagination	0.000000
fonts	w:real-time	0.000000
fonts	w:realtek	-0.000000
fonts	w:red	0.000000
fonts	w:release	0.214807
fonts	w:round	5.398938
fonts	w:running	0.000000
fonts	w:runtime	-0.000000
fonts	w:rust	-0.000000
fonts	w:scalable	0.238771
fonts	w:scheme	-0.000000
fonts	w:script	0.082367
fonts	w:scripts	0.175180
fonts	w:sdk	0.000000
fonts	w:search	-0.000000
fonts	w:security	0.000000
fonts	w:server	-0.000000
fonts	w:service	-0.000000
fonts	w:session	0.000000
fonts	w:set	-0.000000
fonts	w:settings	-0.000000
fonts	w:shell	-0.000000
fonts	w:simple	0.082367
fonts	w:single	0.000000
fonts	w:skk	-0.000000
fonts	w:small	0.763293
fonts	w:software	-0.000000
fonts	w:some	0.214807
fonts	w:sound	0.000000
fonts	w:source	2.912387
fonts	w:ssh	0.000000
fonts	w:standard	-0.000000
fonts	w:state	0.000000
fonts	w:status	0.000000
fonts	w:studio	-0.000000
fonts	w:style	0.158385
fonts	w:suite	0.000000
fonts	w:support	0.029403
fonts	w:supporting	0.000000
fonts	w:swift	0.000000
fonts	w:switchboard	0.000000
fonts	w:syntax	0.000000
fonts	w:system	-0.000000
fonts	w:systems	-0.000000
fonts	w:terminal	0.721326
fonts	w:test	-0.000000
fonts	w:text	-0.000000
fonts	w:theme	-0.000000
fonts	w:through	0.000000
fonts	w:time	-0.000000
fonts	w:tiny	-0.000000
fonts	w:tmux	-0.000000
fonts	w:tool	-0.000000
fonts	w:toolchain	0.000000
fonts	w:tools	-0.000000
fonts	w:top	-0.000000
fonts	w:touch	-0.000000
fonts	w:translatelocally	-0.000000
fonts	w:tree	0.000000
fonts	w:typing	0.000000
fonts	w:ubuntu	0.000000
fonts	w:unhinted	3.585996
fonts	w:unicode	1.223747
fonts	w:useful	0.000000
fonts	w:user	-0.000000
fonts	w:uses	0.214807
fonts	w:utilities	-0.000000
fonts	w:utility	-0.000000
fonts	w:values	0.000000
fonts	w:variant	2.577458
fonts	w:various	-0.000000
fonts	w:vdr	0.000000
fonts	w:version	0.000000
fonts	w:video	0.000000
fonts	w:view	0.000000
fonts	w:viewer	-0.000000
fonts	w:vim	0.000000
fonts	w:virtual	0.000000
fonts	w:visual	0.000000
fonts	w:wayland	-0.000000
fonts	w:web	-0.000000
fonts	w:weechat	0.000000
fonts	w:width	4.425081
fonts	w:window	0.000000
fonts	w:windows	0.175180
fonts	w:wingpanel	0.000000
fonts	w:work	0.000000
fonts	w:working	0.000000
fonts	w:wrapper	-0.000000
fonts	w:written	-0.000000
fonts	w:x86	0.000000
fonts	w:yamagi	0.000000
fonts	w:znc	0.000000
games	builder:buildDotnetModule	-0.000000
games	builder:buildDunePackage	-0.000000
games	builder:buildEnv	1.577732
games	builder:buildFHSEnv	0.000000
games	builder:buildGoModule	-0.000000
games	builder:buildHomeAssistantComponent	-0.000000
games	builder:buildKodiAddon	0.000000
games	builder:buildNpmPackage	0.000000
games	builder:buildPythonApplication	-0.000000
games	builder:buildPythonPackage	0.000000
games	builder:fetchurl	0.629099
games	builder:fetchzip	0.296204
games	builder:mkDerivation	-0.000000
games	builder:runCommand	1.928259
games	builder:rustPlatform.buildRustPackage	-0.000000
games	builder:stdenv.mkDerivation	-0.378402
games	builder:stdenvNoCC.mkDerivation	-0.207515
games	builder:symlinkJoin	-0.000000
games	builder:vimUtils.buildVimPlugin	0.000000
games	desktop:true	1.154887
games	gui:gtk3	-0.000000
games	gui:gtk4	-0.000000
games	gui:wrapGAppsHook3	-0.000000
games	gui:wrapGAppsHook4	-0.000000
games	gui:wrapQtAppsHook	-0.000000
games	has:mainProgram	0.559831
games	host:brother.com	0.000000
games	host:buildbot.net	0.000000
games	host:ctan.org	-0.000000
games	host:developer.android.com	0.000000
games	host:dotnet.github.io	-0.000000
games	host:eclipse.org	0.000000
games	host:enlightenment.org	0.000000
games	host:extensions.gnome.org	-0.000000
games	host:ftp.gnu.org	-0.000000
games	host:gitlab.linphone.org	0.000000
games	host:gnu.org	0.000000
games	host:grafana.com	-0.000000
games	host:invent.kde.org	-0.000000
games	host:jetbrains.com	0.000000
games	host:kernel.org	0.000000
games	host:lilypond.org	0.000000
games	host:multitran.sourceforge.net	0.000000
games	host:nerdfonts.com	-0.000000
games	host:open-music-kontrollers.ch	0.000000
games	host:opensource.apple.com	0.000000
games	host:optifine.net	5.708132
games	host:pagure.io	0.000000
games	host:translatelocally.com	-0.000000
games	host:web.archive.org	0.000000
games	host:wiki.call-cc.org	-0.000000
games	host:wiki.documentfoundation.org	-0.000000
games	license:AGPL-3.0-only	0.000000
games	license:APSL-1.0	0.000000
games	license:APSL-2.0	0.000000
games	license:Apache-2.0	-0.000000
games	license:Artistic-2.0	0.000000
games	license:BSD-2-Clause	-0.000000
games	license:BSD-3-Clause	-0.000000
games	license:BSL-1.0	0.000000
games	license:CC-BY-4.0	0.000000
games	license:CC-BY-SA-3.0	0.000000
games	license:CC-BY-SA-4.0	-0.000000
games	license:CC0-1.0	-0.301735
games	license:Classpath-exception-2.0	0.000000
games	license:EPL-1.0	0.000000
games	license:FSFAP	0.000000
games	license:GPL-2.0	-0.000000
games	license:GPL-2.0-only	-0.000000
games	license:GPL-2.0-or-later	-0.384795
games	license:GPL-3.0	1.905901
games	license:GPL-3.0-only	-0.201072
games	license:GPL-3.0-or-later	-0.000000
games	license:ISC	0.000000
games	license:LGPL-2.0-only	-0.000000
games	license:LGPL-2.0-or-later	-0.000000
games	license:LGPL-2.1	0.000000
games	license:LGPL-2.1-only	-0.000000
games	license:LGPL-2.1-or-later	-0.000000
games	license:LGPL-3.0-only	-0.000000
games	license:LGPL-3.0-or-later	-0.000000
games	license:LPPL-1.3c	0.000000
games	license:MIT	-0.149441
games	license:MPL-2.0	-0.000000
games	license:OFL-1.1	-0.000000
games	license:PostgreSQL	0.000000
games	license:Unlicense	0.000000
games	license:free	0.000000
games	license:publicDomain	0.000000
games	license:unfree	2.277439
games	license:unfreeRedistributable	0.967793
games	name:prefix:kde-	0.000000
games	name:prefix:lib	-0.000000
games	name:suffix-bin	-0.000000
games	name:suffix-driver	0.000000
games	name:suffix-server	0.354783
games	name:suffix-theme	0.000000
games	name:suffix-tools	0.000000
games	svc:true	-0.000000
games	w:about	0.000000
games	w:access	0.000000
games	w:addon	0.000000
games	w:adds	0.000000
games	w:advanced	0.000000
games	w:agent	0.000000
games	w:akonadi	0.000000
games	w:alert	2.041387
games	w:allows	-0.000000
games	w:also	0.000000
games	w:alternative	0.000000
games	w:amd	0.000000
games	w:analysis	0.000000
games	w:android	0.000000
games	w:api	0.000000
games	w:app	0.000000
games	w:application	-0.000000
games	w:applications	-0.000000
games	w:apps	0.000000
games	w:around	0.000000
games	w:aspell	-0.000000
games	w:assist	0.000000
games	w:assistant	-0.000000
games	w:audio	0.000000
games	w:base	0.000000
games	w:berkeley	0.000000
games	w:between	0.000000
games	w:binary	0.000000
games	w:bluetooth	0.000000
games	w:brother	0.000000
games	w:browser	0.000000
games	w:build	0.204232
games	w:buildbot	0.000000
games	w:building	0.000000
games	w:built	0.000000
games	w:but	0.000000
games	w:c++	-0.000000
games	w:calculator	0.000000
games	w:calendar	0.000000
games	w:capture	0.354783
games	w:cards	0.000000
games	w:channel	0.000000
games	w:characters	0.000000
games	w:check	0.000000
games	w:chicken	0.000000
games	w:clang	0.000000
games	w:clean	0.000000
games	w:client	0.040606
games	w:clients	0.000000
games	w:cloud	0.000000
games	w:code	-0.000000
games	w:collection	0.000000
games	w:color	0.000000
games	w:command	1.451388
games	w:commands	0.000000
games	w:common	-0.000000
games	w:compiler	-0.000000
games	w:component	0.000000
games	w:components	0.000000
games	w:condensed	0.000000
games	w:configuration	-0.000000
games	w:connect	0.000000
games	w:conquer	3.951020
games	w:console	0.000000
games	w:control	0.000000
games	w:controller	0.000000
games	w:controlling	0.000000
games	w:core	0.000000
games	w:corner	-0.000000
games	w:create	0.000000
games	w:custom	0.000000
games	w:customizable	0.000000
games	w:daemon	0.000000
games	w:darwin	0.000000
games	w:data	-0.000000
games	w:database	0.000000
games	w:deadbeef	0.000000
games	w:designed	-0.000000
games	w:desktop	-0.000000
games	w:developers	0.000000
games	w:development	-0.000000
games	w:device	0.000000
games	w:devices	-0.000000
games	w:dictionary	-0.000000
games	w:disk	0.000000
games	w:display	0.000000
games	w:displays	0.000000
games	w:distributed	0.000000
games	w:distribution	0.000000
games	w:documentation	0.000000
games	w:documents	0.000000
games	w:dotted	0.000000
games	w:driver	-0.000000
games	w:drivers	0.000000
games	w:easy	0.000000
games	w:eclipse	-0.000000
games	w:editor	-0.000000
games	w:efficient	0.000000
games	w:elementary	0.000000
games	w:elm	0.000000
games	w:embedded	0.000000
games	w:emulator	0.000000
games	w:engine	1.269308
games	w:english	0.000000
games	w:environment	0.000000
games	w:extensible	0.000000
games	w:extension	-0.000000
games	w:fast	0.000000
games	w:features	0.000000
games	w:file	-0.000000
games	w:files	-0.000000
games	w:firefox	0.000000
games	w:firmware	0.000000
games	w:fish	-0.000000
games	w:flexible	0.000000
games	w:font	-0.000000
games	w:fonts	-0.000000
games	w:fork	0.000000
games	w:format	0.000000
games	w:framework	-0.000000
games	w:free	0.983327
games	w:freshrss	0.000000
games	w:functionality	0.000000
games	w:functions	0.000000
games	w:game	2.642674
games	w:games	0.889624
games	w:generator	0.000000
games	w:ghidra	0.000000
games	w:gnome	-0.000000
games	w:gnu	-0.000000
games	w:google	0.000000
games	w:grafana	0.000000
games	w:gui	0.000000
games	w:handling	0.000000
games	w:hardware	0.000000
games	w:hashes	0.000000
games	w:helm	0.000000
games	w:high	0.000000
games	w:high-performance	0.000000
games	w:highlighting	0.000000
games	w:home	-0.000000
games	w:http	0.000000
games	w:hyphen	-0.000000
games	w:hyprland	0.000000
games	w:ibus	0.000000
games	w:ide	-0.000000
games	w:image	0.000000
games	w:implementation	-0.000000
games	w:including	0.000000
games	w:indian	0.000000
games	w:indicator	0.000000
games	w:information	0.000000
games	w:injection	0.000000
games	w:input	0.000000
games	w:install	0.000000
games	w:integrate	0.000000
games	w:integrates	0.000000
games	w:integration	-0.000000
games	w:intel	0.000000
games	w:interface	-0.000000
games	w:iosevka	0.000000
games	w:jack	0.000000
games	w:java	0.000000
games	w:javascript	0.000000
games	w:jetbrains	0.000000
games	w:json	0.000000
games	w:kde	-0.000000
games	w:kernel	-0.000000
games	w:keyboard	0.000000
games	w:kio	0.000000
games	w:kodi	0.000000
games	w:kubernetes	0.000000
games	w:language	-0.000000
games	w:languages	0.000000
games	w:laptop	0.000000
games	w:libraries	0.000000
games	w:library	-0.000000
games	w:libreoffice	-0.000000
games	w:libretro	0.000000
games	w:ligature	-0.000000
games	w:ligatures	-0.000000
games	w:lightweight	0.000000
games	w:lilypond	0.000000
games	w:line	-0.000000
games	w:linphone	0.000000
games	w:linux	-0.000000
games	w:lisp	0.000000
games	w:lldb	0.000000
games	w:llvm	0.000000
games	w:lomiri	0.000000
games	w:lua	0.000000
games	w:lv2	0.000000
games	w:lxqt	0.000000
games	w:machine	0.000000
games	w:make	0.000000
games	w:makes	0.000000
games	w:man	0.000000
games	w:manage	0.246454
games	w:management	0.000000
games	w:manager	-0.000000
games	w:many	0.000000
games	w:markdown	0.000000
games	w:menu	0.000000
games	w:method	0.000000
games	w:mimicking	0.000000
games	w:minecraft	5.708132
games	w:minimal	0.000000
games	w:mobile	-0.000000
games	w:mod	5.708132
games	w:mode	0.000000
games	w:model	-0.000000
games	w:modern	0.000000
games	w:module	-0.000000
games	w:monitor	0.000000
games	w:monitoring	-0.000000
games	w:mono	0.217171
games	w:monospace	0.000000
games	w:mopidy	-0.000000
games	w:multitran	0.000000
games	w:music	0.000000
games	w:native	0.000000
games	w:neovim	0.000000
games	w:nerd	-0.000000
games	w:net	-0.000000
games	w:network	-0.000000
games	w:networking	0.000000
games	w:new	0.000000
games	w:nix	0.000000
games	w:normal	0.000000
games	w:notification	0.000000
games	w:notifications	0.000000
games	w:nvidia	0.000000
games	w:obs	-0.000000
games	w:obtain	0.000000
games	w:ocaml	-0.000000
games	w:official	0.326829
games	w:one	0.000000
games	w:open	0.613019
games	w:open-source	0.354783
games	w:openjdk	0.000000
games	w:optimization	4.858689
games	w:original	3.507907
games	w:package	-0.000000
games	w:page	0.000000
games	w:pages	0.000000
games	w:panel	0.000000
games	w:pantheon	0.000000
games	w:parser	0.000000
games	w:pass	0.000000
games	w:password	0.000000
games	w:passwords	0.000000
games	w:php	0.000000
games	w:pim	0.000000
games	w:plasma	-0.000000
games	w:platform	0.000000
games	w:player	0.000000
games	w:playing	0.000000
games	w:plug	0.000000
games	w:plugin	-0.000000
games	w:plugins	0.000000
games	w:port	-0.000000
games	w:postgresql	0.000000
games	w:power	0.000000
games	w:powerful	0.000000
games	w:printer	0.000000
games	w:process	0.000000
games	w:program	0.000000
games	w:programming	-0.000000
games	w:programs	0.000000
games	w:project	0.000000
games	w:protocol	-0.000000
games	w:provides	-0.000000
games	w:providing	0.000000
games	w:puzzle	0.388340
games	w:python	0.000000
games	w:qml	0.000000
games	w:quake	4.214587
games	w:quickly	0.000000
games	w:re-imagination	3.658336
games	w:real-time	0.000000
games	w:realtek	0.000000
games	w:red	2.041387
games	w:release	0.302868
games	w:round	-0.000000
games	w:running	0.388340
games	w:runtime	0.000000
games	w:rust	0.000000
games	w:scalable	0.000000
games	w:scheme	-0.000000
games	w:script	-0.000000
games	w:scripts	0.000000
games	w:sdk	0.000000
games	w:search	0.000000
games	w:security	0.000000
games	w:server	0.265861
games	w:service	-0.000000
games	w:session	0.000000
games	w:set	0.000000
games	w:settings	-0.000000
games	w:shell	-0.000000
games	w:simple	-0.000000
games	w:single	0.000000
games	w:skk	-0.000000
games	w:small	0.000000
games	w:software	0.000000
games	w:some	0.000000
games	w:sound	0.388340
games	w:source	0.444676
games	w:ssh	0.000000
games	w:standard	0.000000
games	w:state	0.000000
games	w:status	0.000000
games	w:studio	-0.000000
games	w:style	0.000000
games	w:suite	0.000000
games	w:support	-0.000000
games	w:supporting	0.000000
games	w:swift	0.000000
games	w:switchboard	0.000000
games	w:syntax	0.000000
games	w:system	-0.000000
games	w:systems	0.000000
games	w:terminal	0.000000
games	w:test	0.000000
games	w:text	-0.000000
games	w:theme	0.000000
games	w:through	0.000000
games	w:time	0.000000
games	w:tiny	-0.000000
games	w:tmux	0.000000
games	w:tool	-0.009298
games	w:toolchain	0.000000
games	w:tools	0.151157
games	w:top	0.000000
games	w:touch	0.000000
games	w:translatelocally	-0.000000
games	w:tree	0.000000
games	w:typing	0.000000
games	w:ubuntu	0.000000
games	w:unhinted	0.000000
games	w:unicode	0.000000
games	w:useful	0.000000
games	w:user	0.000000
games	w:uses	0.000000
games	w:utilities	0.000000
games	w:utility	0.000000
games	w:values	0.000000
games	w:variant	0.000000
games	w:various	0.000000
games	w:vdr	0.000000
games	w:version	0.000000
games	w:video	0.000000
games	w:view	0.000000
games	w:viewer	0.263246
games	w:vim	0.000000
games	w:virtual	0.000000
games	w:visual	0.000000
games	w:wayland	0.000000
games	w:web	-0.000000
games	w:weechat	0.000000
games	w:width	0.000000
games	w:window	0.000000
games	w:windows	0.000000
games	w:wingpanel	0.000000
games	w:work	0.000000
games	w:working	0.000000
games	w:wrapper	0.096883
games	w:written	0.000000
games	w:x86	0.000000
games	w:yamagi	2.957647
games	w:znc	0.000000
hardware	builder:buildDotnetModule	-0.000000
hardware	builder:buildDunePackage	-0.000000
hardware	builder:buildEnv	-0.049291
hardware	builder:buildFHSEnv	0.194873
hardware	builder:buildGoModule	-0.000000
hardware	builder:buildHomeAssistantComponent	-0.000000
hardware	builder:buildKodiAddon	-0.000000
hardware	builder:buildNpmPackage	-0.000000
hardware	builder:buildPythonApplication	-0.000000
hardware	builder:buildPythonPackage	-0.000000
hardware	builder:fetchurl	-0.561712
hardware	builder:fetchzip	0.243878
hardware	builder:mkDerivation	-0.000000
hardware	builder:runCommand	-0.295454
hardware	builder:rustPlatform.buildRustPackage	-0.000000
hardware	builder:stdenv.mkDerivation	2.887968
hardware	builder:stdenvNoCC.mkDerivation	-0.480845
hardware	builder:symlinkJoin	-0.000000
hardware	builder:vimUtils.buildVimPlugin	-0.000000
hardware	desktop:true	-0.000000
hardware	gui:gtk3	-0.000000
hardware	gui:gtk4	-0.000000
hardware	gui:wrapGAppsHook3	-0.000000
hardware	gui:wrapGAppsHook4	-0.000000
hardware	gui:wrapQtAppsHook	-0.000000
hardware	has:mainProgram	-0.619439
hardware	host:brother.com	-0.000000
hardware	host:buildbot.net	-0.000000
hardware	host:ctan.org	-0.000000
hardware	host:developer.android.com	0.000000
hardware	host:dotnet.github.io	-0.000000
hardware	host:eclipse.org	-0.000000
hardware	host:enlightenment.org	-0.000000
hardware	host:extensions.gnome.org	-0.000000
hardware	host:ftp.gnu.org	-0.000000
hardware	host:gitlab.linphone.org	0.000000
hardware	host:gnu.org	-0.000000
hardware	host:grafana.com	-0.000000
hardware	host:invent.kde.org	-0.000000
hardware	host:jetbrains.com	-0.000000
hardware	host:kernel.org	3.051507
hardware	host:lilypond.org	-0.000000
hardware	host:multitran.sourceforge.net	0.000000
hardware	host:nerdfonts.com	-0.000000
hardware	host:open-music-kontrollers.ch	-0.000000
hardware	host:opensource.apple.com	-0.000000
hardware	host:optifine.net	-0.000000
hardware	host:pagure.io	-0.000000
hardware	host:translatelocally.com	-0.000000
hardware	host:web.archive.org	-0.000000
hardware	host:wiki.call-cc.org	-0.000000
hardware	host:wiki.documentfoundation.org	-0.000000
hardware	license:AGPL-3.0-only	-0.000000
hardware	license:APSL-1.0	0.000000
hardware	license:APSL-2.0	-0.000000
hardware	license:Apache-2.0	-0.351019
hardware	license:Artistic-2.0	-0.000000
hardware	license:BSD-2-Clause	-0.283486
hardware	license:BSD-3-Clause	-0.658459
hardware	license:BSL-1.0	-0.000000
hardware	license:CC-BY-4.0	-0.000000
hardware	license:CC-BY-SA-3.0	-0.000000
hardware	license:CC-BY-SA-4.0	-0.000000
hardware	license:CC0-1.0	-0.463211
hardware	license:Classpath-exception-2.0	0.166914
hardware	license:EPL-1.0	-0.000000
hardware	license:FSFAP	0.000000
hardware	license:GPL-2.0	-0.142038
hardware	license:GPL-2.0-only	2.399078
hardware	license:GPL-2.0-or-later	0.391008
hardware	license:GPL-3.0	-0.128851
hardware	license:GPL-3.0-only	-0.469673
hardware	license:GPL-3.0-or-later	-0.539632
hardware	license:ISC	-0.000000
hardware	license:LGPL-2.0-only	-0.000000
hardware	license:LGPL-2.0-or-later	-0.316310
hardware	license:LGPL-2.1	0.699568
hardware	license:LGPL-2.1-only	-0.214202
hardware	license:LGPL-2.1-or-later	-0.331988
hardware	license:LGPL-3.0-only	-0.000000
hardware	license:LGPL-3.0-or-later	-0.000000
hardware	license:LPPL-1.3c	-0.000000
hardware	license:MIT	-0.798687
hardware	license:MPL-2.0	-0.000000
hardware	license:OFL-1.1	-0.254705
hardware	license:PostgreSQL	-0.000000
hardware	license:Unlicense	0.000000
hardware	license:free	-0.000000
hardware	license:publicDomain	0.270449
hardware	license:unfree	-0.219780
hardware	license:unfreeRedistributable	0.598441
hardware	name:prefix:kde-	0.000000
hardware	name:prefix:lib	-0.102337
hardware	name:suffix-bin	-0.000000
hardware	name:suffix-driver	1.597846
hardware	name:suffix-server	-0.000000
hardware	name:suffix-theme	0.000000
hardware	name:suffix-tools	0.228435
hardware	svc:true	0.308980
hardware	w:about	0.228435
hardware	w:access	0.246424
hardware	w:addon	0.000000
hardware	w:adds	-0.000000
hardware	w:advanced	0.228435
hardware	w:agent	-0.000000
hardware	w:akonadi	-0.000000
hardware	w:alert	0.000000
hardware	w:allows	0.799349
hardware	w:also	0.000000
hardware	w:alternative	-0.000000
hardware	w:amd	1.477835
hardware	w:analysis	-0.000000
hardware	w:android	0.166914
hardware	w:api	-0.000000
hardware	w:app	-0.000000
hardware	w:application	-0.000000
hardware	w:applications	-0.000000
hardware	w:apps	-0.000000
hardware	w:around	-0.000000
hardware	w:aspell	-0.000000
hardware	w:assist	-0.000000
hardware	w:assistant	-0.000000
hardware	w:audio	-0.000000
hardware	w:base	-0.000000
hardware	w:berkeley	-0.000000
hardware	w:between	0.000000
hardware	w:binary	-0.000000
hardware	w:bluetooth	-0.000000
hardware	w:brother	-0.000000
hardware	w:browser	-0.000000
hardware	w:build	-0.000000
hardware	w:buildbot	-0.000000
hardware	w:building	-0.000000
hardware	w:built	0.057221
hardware	w:but	0.194873
hardware	w:c++	-0.000000
hardware	w:calculator	-0.000000
hardware	w:calendar	0.000000
hardware	w:capture	0.194873
hardware	w:cards	2.451842
hardware	w:channel	-0.000000
hardware	w:characters	-0.000000
hardware	w:check	-0.000000
hardware	w:chicken	-0.000000
hardware	w:clang	0.000000
hardware	w:clean	0.000000
hardware	w:client	-0.119477
hardware	w:clients	0.228435
hardware	w:cloud	-0.000000
hardware	w:code	-0.109573
hardware	w:collection	-0.000000
hardware	w:color	-0.000000
hardware	w:command	-0.000000
hardware	w:commands	-0.000000
hardware	w:common	0.032248
hardware	w:compiler	-0.000000
hardware	w:component	-0.000000
hardware	w:components	-0.000000
hardware	w:condensed	0.000000
hardware	w:configuration	0.149278
hardware	w:connect	0.000000
hardware	w:conquer	-0.000000
hardware	w:console	-0.000000
hardware	w:control	0.824726
hardware	w:controller	1.597846
hardware	w:controlling	0.932499
hardware	w:core	-0.000000
hardware	w:corner	-0.000000
hardware	w:create	0.166914
hardware	w:custom	0.103313
hardware	w:customizable	-0.000000
hardware	w:daemon	0.121968
hardware	w:darwin	-0.000000
hardware	w:data	-0.056356
hardware	w:database	-0.000000
hardware	w:deadbeef	0.000000
hardware	w:designed	0.021015
hardware	w:desktop	-0.069672
hardware	w:developers	-0.000000
hardware	w:development	-0.000000
hardware	w:device	0.699568
hardware	w:devices	0.429682
hardware	w:dictionary	-0.000000
hardware	w:disk	0.000000
hardware	w:display	0.166914
hardware	w:displays	-0.000000
hardware	w:distributed	-0.000000
hardware	w:distribution	0.228435
hardware	w:documentation	0.194873
hardware	w:documents	0.000000
hardware	w:dotted	0.000000
hardware	w:driver	3.671610
hardware	w:drivers	0.228435
hardware	w:easy	-0.000000
hardware	w:eclipse	-0.000000
hardware	w:editor	-0.000000
hardware	w:efficient	0.000000
hardware	w:elementary	-0.000000
hardware	w:elm	-0.000000
hardware	w:embedded	0.611939
hardware	w:emulator	0.194873
hardware	w:engine	-0.000000
hardware	w:english	-0.000000
hardware	w:environment	0.071235
hardware	w:extensible	0.228435
hardware	w:extension	-0.000000
hardware	w:fast	-0.000000
hardware	w:features	0.645642
hardware	w:file	-0.008828
hardware	w:files	-0.075964
hardware	w:firefox	0.000000
hardware	w:firmware	1.646422
hardware	w:fish	-0.000000
hardware	w:flexible	0.000000
hardware	w:font	-0.000000
hardware	w:fonts	-0.000000
hardware	w:fork	-0.000000
hardware	w:format	0.000000
hardware	w:framework	0.203614
hardware	w:free	-0.000000
hardware	w:freshrss	0.000000
hardware	w:functionality	-0.000000
hardware	w:functions	0.194873
hardware	w:game	-0.000000
hardware	w:games	0.000000
hardware	w:generator	0.000000
hardware	w:ghidra	-0.000000
hardware	w:gnome	-0.000000
hardware	w:gnu	0.032248
hardware	w:google	-0.000000
hardware	w:grafana	-0.000000
hardware	w:gui	-0.000000
hardware	w:handling	-0.000000
hardware	w:hardware	0.837992
hardware	w:hashes	-0.000000
hardware	w:helm	-0.000000
hardware	w:high	0.000000
hardware	w:high-performance	-0.000000
hardware	w:highlighting	0.000000
hardware	w:home	-0.000000
hardware	w:http	0.000000
hardware	w:hyphen	-0.000000
hardware	w:hyprland	-0.000000
hardware	w:ibus	-0.000000
hardware	w:ide	-0.000000
hardware	w:image	-0.000000
hardware	w:implementation	-0.095163
hardware	w:including	0.000000
hardware	w:indian	-0.000000
hardware	w:indicator	-0.000000
hardware	w:information	0.325439
hardware	w:injection	1.597846
hardware	w:input	-0.000000
hardware	w:install	0.000000
hardware	w:integrate	0.000000
hardware	w:integrates	-0.000000
hardware	w:integration	-0.000000
hardware	w:intel	1.570543
hardware	w:interface	0.423634
hardware	w:iosevka	-0.000000
hardware	w:jack	-0.000000
hardware	w:java	-0.000000
hardware	w:javascript	-0.000000
hardware	w:jetbrains	-0.000000
hardware	w:json	-0.000000
hardware	w:kde	-0.000000
hardware	w:kernel	5.221040
hardware	w:keyboard	0.194873
hardware	w:kio	0.000000
hardware	w:kodi	-0.000000
hardware	w:kubernetes	-0.000000
hardware	w:language	-0.000000
hardware	w:languages	-0.000000
hardware	w:laptop	1.058939
hardware	w:libraries	-0.000000
hardware	w:library	-0.288307
hardware	w:libreoffice	-0.000000
hardware	w:libretro	-0.000000
hardware	w:ligature	-0.000000
hardware	w:ligatures	-0.000000
hardware	w:lightweight	-0.000000
hardware	w:lilypond	-0.000000
hardware	w:line	-0.000000
hardware	w:linphone	0.000000
hardware	w:linux	3.657152
hardware	w:lisp	-0.000000
hardware	w:lldb	0.000000
hardware	w:llvm	0.000000
hardware	w:lomiri	-0.000000
hardware	w:lua	0.000000
hardware	w:lv2	-0.000000
hardware	w:lxqt	-0.000000
hardware	w:machine	0.228435
hardware	w:make	-0.000000
hardware	w:makes	0.000000
hardware	w:man	-0.000000
hardware	w:manage	0.086515
hardware	w:management	0.393382
hardware	w:manager	-0.030645
hardware	w:many	0.228435
hardware	w:markdown	0.000000
hardware	w:menu	-0.000000
hardware	w:method	-0.000000
hardware	w:mimicking	-0.000000
hardware	w:minecraft	-0.000000
hardware	w:minimal	-0.000000
hardware	w:mobile	-0.000000
hardware	w:mod	-0.000000
hardware	w:mode	0.932499
hardware	w:model	-0.000000
hardware	w:modern	-0.000000
hardware	w:module	2.938969
hardware	w:monitor	1.220645
hardware	w:monitoring	0.396572
hardware	w:mono	-0.000000
hardware	w:monospace	-0.000000
hardware	w:mopidy	-0.000000
hardware	w:multitran	0.000000
hardware	w:music	-0.000000
hardware	w:native	0.000000
hardware	w:neovim	-0.000000
hardware	w:nerd	-0.000000
hardware	w:net	-0.000000
hardware	w:network	0.838183
hardware	w:networking	0.228435
hardware	w:new	0.194873
hardware	w:nix	-0.000000
hardware	w:normal	-0.000000
hardware	w:notification	-0.000000
hardware	w:notifications	-0.000000
hardware	w:nvidia	1.058939
hardware	w:obs	-0.000000
hardware	w:obtain	-0.000000
hardware	w:ocaml	-0.000000
hardware	w:official	-0.000000
hardware	w:one	0.142946
hardware	w:open	-0.110712
hardware	w:open-source	-0.000000
hardware	w:openjdk	-0.000000
hardware	w:optimization	-0.000000
hardware	w:original	-0.000000
hardware	w:package	-0.000000
hardware	w:page	0.000000
hardware	w:pages	0.000000
hardware	w:panel	-0.000000
hardware	w:pantheon	-0.000000
hardware	w:parser	-0.000000
hardware	w:pass	0.071235
hardware	w:password	0.000000
hardware	w:passwords	-0.000000
hardware	w:php	-0.000000
hardware	w:pim	-0.000000
hardware	w:plasma	-0.000000
hardware	w:platform	-0.000000
hardware	w:player	-0.000000
hardware	w:playing	-0.000000
hardware	w:plug	0.000000
hardware	w:plugin	-0.000000
hardware	w:plugins	-0.000000
hardware	w:port	-0.026173
hardware	w:postgresql	-0.000000
hardware	w:power	0.837992
hardware	w:powerful	-0.000000
hardware	w:printer	-0.000000
hardware	w:process	0.166914
hardware	w:program	-0.000000
hardware	w:programming	-0.000000
hardware	w:programs	0.166914
hardware	w:project	0.103313
hardware	w:protocol	0.284144
hardware	w:provides	-0.000000
hardware	w:providing	-0.000000
hardware	w:puzzle	0.000000
hardware	w:python	-0.000000
hardware	w:qml	-0.000000
hardware	w:quake	-0.000000
hardware	w:quickly	-0.000000
hardware	w:re-imagination	-0.000000
hardware	w:real-time	-0.000000
hardware	w:realtek	4.084681
hardware	w:red	0.000000
hardware	w:release	-0.000000
hardware	w:round	-0.000000
hardware	w:running	0.000000
hardware	w:runtime	-0.000000
hardware	w:rust	0.296643
hardware	w:scalable	-0.000000
hardware	w:scheme	-0.000000
hardware	w:script	-0.000000
hardware	w:scripts	0.103313
hardware	w:sdk	-0.000000
hardware	w:search	-0.000000
hardware	w:security	0.000000
hardware	w:server	-0.099075
hardware	w:service	0.423634
hardware	w:session	-0.000000
hardware	w:set	0.944580
hardware	w:settings	0.021015
hardware	w:shell	-0.000000
hardware	w:simple	-0.000000
hardware	w:single	0.228435
hardware	w:skk	-0.000000
hardware	w:small	0.325439
hardware	w:software	0.246424
hardware	w:some	0.434469
hardware	w:sound	0.000000
hardware	w:source	-0.233438
hardware	w:ssh	-0.000000
hardware	w:standard	-0.000000
hardware	w:state	0.228435
hardware	w:status	0.194873
hardware	w:studio	-0.000000
hardware	w:style	-0.000000
hardware	w:suite	0.482399
hardware	w:support	0.279967
hardware	w:supporting	0.000000
hardware	w:swift	-0.000000
hardware	w:switchboard	0.000000
hardware	w:syntax	0.000000
hardware	w:system	0.447898
hardware	w:systems	0.393382
hardware	w:terminal	-0.000000
hardware	w:test	0.598441
hardware	w:text	-0.000000
hardware	w:theme	-0.000000
hardware	w:through	-0.000000
hardware	w:time	-0.000000
hardware	w:tiny	0.021015
hardware	w:tmux	-0.000000
hardware	w:tool	0.699440
hardware	w:toolchain	-0.000000
hardware	w:tools	0.149278
hardware	w:top	-0.000000
hardware	w:touch	0.086515
hardware	w:translatelocally	-0.000000
hardware	w:tree	0.000000
hardware	w:typing	0.000000
hardware	w:ubuntu	-0.000000
hardware	w:unhinted	-0.000000
hardware	w:unicode	0.000000
hardware	w:useful	0.434469
hardware	w:user	0.121968
hardware	w:uses	-0.000000
hardware	w:utilities	0.484293
hardware	w:utility	0.121968
hardware	w:values	0.000000
hardware	w:variant	-0.000000
hardware	w:various	-0.000000
hardware	w:vdr	0.000000
hardware	w:version	-0.000000
hardware	w:video	-0.000000
hardware	w:view	-0.000000
hardware	w:viewer	-0.000000
hardware	w:vim	0.000000
hardware	w:virtual	0.837992
hardware	w:visual	-0.000000
hardware	w:wayland	-0.000000
hardware	w:web	-0.000000
hardware	w:weechat	-0.000000
hardware	w:width	-0.000000
hardware	w:window	-0.000000
hardware	w:windows	-0.000000
hardware	w:wingpanel	-0.000000
hardware	w:work	0.000000
hardware	w:working	-0.000000
hardware	w:wrapper	-0.000000
hardware	w:written	0.071235
hardware	w:x86	0.932499
hardware	w:yamagi	0.000000
hardware	w:znc	-0.000000
home-automation	builder:buildDotnetModule	0.000000
home-automation	builder:buildDunePackage	0.000000
home-automation	builder:buildEnv	0.000000
home-automation	builder:buildFHSEnv	0.000000
home-automation	builder:buildGoModule	-0.000000
home-automation	builder:buildHomeAssistantComponent	7.444939
home-automation	builder:buildKodiAddon	0.000000
home-automation	builder:buildNpmPackage	0.372247
home-automation	builder:buildPythonApplication	0.581789
home-automation	builder:buildPythonPackage	0.000000
home-automation	builder:fetchurl	-0.000000
home-automation	builder:fetchzip	-0.000000
home-automation	builder:mkDerivation	0.000000
home-automation	builder:runCommand	-0.000000
home-automation	builder:rustPlatform.buildRustPackage	0.000000
home-automation	builder:stdenv.mkDerivation	-0.000000
home-automation	builder:stdenvNoCC.mkDerivation	-0.000000
home-automation	builder:symlinkJoin	0.000000
home-automation	builder:vimUtils.buildVimPlugin	0.000000
home-automation	desktop:true	0.000000
home-automation	gui:gtk3	-0.000000
home-automation	gui:gtk4	0.000000
home-automation	gui:wrapGAppsHook3	-0.000000
home-automation	gui:wrapGAppsHook4	0.000000
home-automation	gui:wrapQtAppsHook	-0.000000
home-automation	has:mainProgram	-0.353235
home-automation	host:brother.com	0.000000
home-automation	host:buildbot.net	0.000000
home-automation	host:ctan.org	0.000000
home-automation	host:developer.android.com	0.000000
home-automation	host:dotnet.github.io	0.000000
home-automation	host:eclipse.org	0.000000
home-automation	host:enlightenment.org	0.000000
home-automation	host:extensions.gnome.org	0.000000
home-automation	host:ftp.gnu.org	0.000000
home-automation	host:gitlab.linphone.org	0.000000
home-automation	host:gnu.org	0.000000
home-automation	host:grafana.com	0.000000
home-automation	host:invent.kde.org	-0.000000
home-automation	host:jetbrains.com	0.000000
home-automation	host:kernel.org	0.000000
home-automation	host:lilypond.org	0.000000
home-automation	host:multitran.sourceforge.net	0.000000
home-automation	host:nerdfonts.com	0.000000
home-automation	host:open-music-kontrollers.ch	0.000000
home-automation	host:opensource.apple.com	0.000000
home-automation	host:optifine.net	0.000000
home-automation	host:pagure.io	0.000000
home-automation	host:translatelocally.com	0.000000
home-automation	host:web.archive.org	0.000000
home-automation	host:wiki.call-cc.org	0.000000
home-automation	host:wiki.documentfoundation.org	0.000000
home-automation	license:AGPL-3.0-only	0.000000
home-automation	license:APSL-1.0	0.000000
home-automation	license:APSL-2.0	0.000000
home-automation	license:Apache-2.0	1.248465
home-automation	license:Artistic-2.0	0.000000
home-automation	license:BSD-2-Clause	-0.000000
home-automation	license:BSD-3-Clause	-0.000000
home-automation	license:BSL-1.0	0.000000
home-automation	license:CC-BY-4.0	0.000000
home-automation	license:CC-BY-SA-3.0	0.000000
home-automation	license:CC-BY-SA-4.0	-0.000000
home-automation	license:CC0-1.0	-0.000000
home-automation	license:Classpath-exception-2.0	0.000000
home-automation	license:EPL-1.0	0.000000
home-automation	license:FSFAP	0.000000
home-automation	license:GPL-2.0	-0.000000
home-automation	license:GPL-2.0-only	-0.000000
home-automation	license:GPL-2.0-or-later	-0.000000
home-automation	license:GPL-3.0	-0.000000
home-automation	license:GPL-3.0-only	-0.000000
home-automation	license:GPL-3.0-or-later	-0.085948
home-automation	license:ISC	0.000000
home-automation	license:LGPL-2.0-only	-0.000000
home-automation	license:LGPL-2.0-or-later	-0.000000
home-automation	license:LGPL-2.1	0.000000
home-automation	license:LGPL-2.1-only	-0.000000
home-automation	license:LGPL-2.1-or-later	-0.000000
home-automation	license:LGPL-3.0-only	-0.000000
home-automation	license:LGPL-3.0-or-later	-0.000000
home-automation	license:LPPL-1.3c	0.000000
home-automation	license:MIT	1.176035
home-automation	license:MPL-2.0	0.000000
home-automation	license:OFL-1.1	-0.000000
home-automation	license:PostgreSQL	0.000000
home-automation	license:Unlicense	0.000000
home-automation	license:free	0.000000
home-automation	license:publicDomain	0.000000
home-automation	license:unfree	-0.000000
home-automation	license:unfreeRedistributable	0.000000
home-automation	name:prefix:kde-	0.000000
home-automation	name:prefix:lib	-0.000000
home-automation	name:suffix-bin	0.000000
home-automation	name:suffix-driver	0.000000
home-automation	name:suffix-server	0.000000
home-automation	name:suffix-theme	0.543399
home-automation	name:suffix-tools	0.000000
home-automation	svc:true	-0.000000
home-automation	w:about	0.000000
home-automation	w:access	0.000000
home-automation	w:addon	0.000000
home-automation	w:adds	0.000000
home-automation	w:advanced	0.000000
home-automation	w:agent	0.000000
home-automation	w:akonadi	0.000000
home-automation	w:alert	0.000000
home-automation	w:allows	0.000000
home-automation	w:also	0.000000
home-automation	w:alternative	0.878104
home-automation	w:amd	0.000000
home-automation	w:analysis	0.000000
home-automation	w:android	0.000000
home-automation	w:api	0.000000
home-automation	w:app	0.000000
home-automation	w:application	0.000000
home-automation	w:applications	0.000000
home-automation	w:apps	0.481893
home-automation	w:around	0.000000
home-automation	w:aspell	0.000000
home-automation	w:assist	0.000000
home-automation	w:assistant	5.335055
home-automation	w:audio	0.000000
home-automation	w:base	0.000000
home-automation	w:berkeley	0.000000
home-automation	w:between	0.000000
home-automation	w:binary	0.000000
home-automation	w:bluetooth	0.000000
home-automation	w:brother	0.000000
home-automation	w:browser	0.000000
home-automation	w:build	0.000000
home-automation	w:buildbot	0.000000
home-automation	w:building	0.000000
home-automation	w:built	0.000000
home-automation	w:but	0.000000
home-automation	w:c++	0.000000
home-automation	w:calculator	0.000000
home-automation	w:calendar	0.000000
home-automation	w:capture	0.000000
home-automation	w:cards	0.000000
home-automation	w:channel	0.000000
home-automation	w:characters	0.000000
home-automation	w:check	0.000000
home-automation	w:chicken	0.000000
home-automation	w:clang	0.000000
home-automation	w:clean	0.000000
home-automation	w:client	-0.000000
home-automation	w:clients	0.000000
home-automation	w:cloud	0.509845
home-automation	w:code	0.000000
home-automation	w:collection	0.000000
home-automation	w:color	0.000000
home-automation	w:command	-0.000000
home-automation	w:commands	0.000000
home-automation	w:common	0.000000
home-automation	w:compiler	0.000000
home-automation	w:component	4.617282
home-automation	w:components	0.000000
home-automation	w:condensed	0.000000
home-automation	w:configuration	0.000000
home-automation	w:connect	0.543399
home-automation	w:conquer	0.000000
home-automation	w:console	0.000000
home-automation	w:control	0.849321
home-automation	w:controller	0.000000
home-automation	w:controlling	0.509845
home-automation	w:core	0.000000
home-automation	w:corner	0.000000
home-automation	w:create	0.000000
home-automation	w:custom	3.710018
home-automation	w:customizable	0.000000
home-automation	w:daemon	0.000000
home-automation	w:darwin	0.000000
home-automation	w:data	0.258766
home-automation	w:database	0.000000
home-automation	w:deadbeef	0.000000
home-automation	w:designed	0.000000
home-automation	w:desktop	0.000000
home-automation	w:developers	0.000000
home-automation	w:development	0.000000
home-automation	w:device	0.436963
home-automation	w:devices	0.990269
home-automation	w:dictionary	-0.000000
home-automation	w:disk	0.000000
home-automation	w:display	0.000000
home-automation	w:displays	0.000000
home-automation	w:distributed	0.000000
home-automation	w:distribution	0.000000
home-automation	w:documentation	0.000000
home-automation	w:documents	0.000000
home-automation	w:dotted	0.000000
home-automation	w:driver	-0.000000
home-automation	w:drivers	0.000000
home-automation	w:easy	0.000000
home-automation	w:eclipse	0.000000
home-automation	w:editor	0.000000
home-automation	w:efficient	0.000000
home-automation	w:elementary	0.000000
home-automation	w:elm	0.000000
home-automation	w:embedded	0.000000
home-automation	w:emulator	0.000000
home-automation	w:engine	0.000000
home-automation	w:english	0.000000
home-automation	w:environment	0.386254
home-automation	w:extensible	0.000000
home-automation	w:extension	-0.000000
home-automation	w:fast	0.000000
home-automation	w:features	0.000000
home-automation	w:file	0.000000
home-automation	w:files	0.000000
home-automation	w:firefox	0.000000
home-automation	w:firmware	0.000000
home-automation	w:fish	0.000000
home-automation	w:flexible	0.000000
home-automation	w:font	-0.000000
home-automation	w:fonts	-0.000000
home-automation	w:fork	0.000000
home-automation	w:format	0.000000
home-automation	w:framework	0.000000
home-automation	w:free	0.000000
home-automation	w:freshrss	0.000000
home-automation	w:functionality	0.000000
home-automation	w:functions	0.000000
home-automation	w:game	-0.000000
home-automation	w:games	0.000000
home-automation	w:generator	0.000000
home-automation	w:ghidra	0.000000
home-automation	w:gnome	0.000000
home-automation	w:gnu	0.000000
home-automation	w:google	0.000000
home-automation	w:grafana	0.000000
home-automation	w:gui	0.000000
home-automation	w:handling	0.000000
home-automation	w:hardware	0.000000
home-automation	w:hashes	0.000000
home-automation	w:helm	0.000000
home-automation	w:high	0.000000
home-automation	w:high-performance	0.000000
home-automation	w:highlighting	0.000000
home-automation	w:home	5.971511
home-automation	w:http	0.000000
home-automation	w:hyphen	0.000000
home-automation	w:hyprland	0.000000
home-automation	w:ibus	0.000000
home-automation	w:ide	-0.000000
home-automation	w:image	0.000000
home-automation	w:implementation	-0.000000
home-automation	w:including	0.000000
home-automation	w:indian	0.000000
home-automation	w:indicator	0.000000
home-automation	w:information	0.000000
home-automation	w:injection	0.000000
home-automation	w:input	0.000000
home-automation	w:install	0.000000
home-automation	w:integrate	0.543399
home-automation	w:integrates	1.092533
home-automation	w:integration	1.166765
home-automation	w:intel	0.000000
home-automation	w:interface	0.000000
home-automation	w:iosevka	0.000000
home-automation	w:jack	0.000000
home-automation	w:java	0.000000
home-automation	w:javascript	0.000000
home-automation	w:jetbrains	0.000000
home-automation	w:json	0.000000
home-automation	w:kde	0.000000
home-automation	w:kernel	-0.000000
home-automation	w:keyboard	0.000000
home-automation	w:kio	0.000000
home-automation	w:kodi	0.000000
home-automation	w:kubernetes	0.000000
home-automation	w:language	-0.000000
home-automation	w:languages	0.000000
home-automation	w:laptop	0.000000
home-automation	w:libraries	0.000000
home-automation	w:library	-0.000000
home-automation	w:libreoffice	0.000000
home-automation	w:libretro	0.000000
home-automation	w:ligature	0.000000
home-automation	w:ligatures	0.000000
home-automation	w:lightweight	0.000000
home-automation	w:lilypond	0.000000
home-automation	w:line	0.000000
home-automation	w:linphone	0.000000
home-automation	w:linux	-0.000000
home-automation	w:lisp	0.000000
home-automation	w:lldb	0.000000
home-automation	w:llvm	0.000000
home-automation	w:lomiri	0.000000
home-automation	w:lua	0.000000
home-automation	w:lv2	0.000000
home-automation	w:lxqt	0.000000
home-automation	w:machine	0.000000
home-automation	w:make	0.000000
home-automation	w:makes	0.000000
home-automation	w:man	0.000000
home-automation	w:manage	0.401526
home-automation	w:management	0.000000
home-automation	w:manager	0.000000
home-automation	w:many	0.000000
home-automation	w:markdown	0.000000
home-automation	w:menu	0.000000
home-automation	w:method	0.000000
home-automation	w:mimicking	0.000000
home-automation	w:minecraft	0.000000
home-automation	w:minimal	0.000000
home-automation	w:mobile	0.000000
home-automation	w:mod	0.000000
home-automation	w:mode	0.000000
home-automation	w:model	0.000000
home-automation	w:modern	0.000000
home-automation	w:module	-0.000000
home-automation	w:monitor	0.000000
home-automation	w:monitoring	0.000000
home-automation	w:mono	0.000000
home-automation	w:monospace	0.000000
home-automation	w:mopidy	0.000000
home-automation	w:multitran	0.000000
home-automation	w:music	0.000000
home-automation	w:native	0.000000
home-automation	w:neovim	0.000000
home-automation	w:nerd	0.000000
home-automation	w:net	0.000000
home-automation	w:network	0.325535
home-automation	w:networking	0.000000
home-automation	w:new	0.000000
home-automation	w:nix	0.000000
home-automation	w:normal	0.000000
home-automation	w:notification	0.000000
home-automation	w:notifications	0.000000
home-automation	w:nvidia	0.000000
home-automation	w:obs	0.000000
home-automation	w:obtain	0.000000
home-automation	w:ocaml	0.000000
home-automation	w:official	0.000000
home-automation	w:one	0.000000
home-automation	w:open	-0.000000
home-automation	w:open-source	0.000000
home-automation	w:openjdk	0.000000
home-automation	w:optimization	0.000000
home-automation	w:original	0.000000
home-automation	w:package	0.000000
home-automation	w:page	0.000000
home-automation	w:pages	0.000000
home-automation	w:panel	0.000000
home-automation	w:pantheon	0.000000
home-automation	w:parser	0.000000
home-automation	w:pass	0.000000
home-automation	w:password	0.000000
home-automation	w:passwords	0.000000
home-automation	w:php	0.000000
home-automation	w:pim	0.000000
home-automation	w:plasma	0.000000
home-automation	w:platform	0.000000
home-automation	w:player	0.000000
home-automation	w:playing	0.000000
home-automation	w:plug	0.000000
home-automation	w:plugin	-0.000000
home-automation	w:plugins	0.000000
home-automation	w:port	0.000000
home-automation	w:postgresql	0.000000
home-automation	w:power	0.481893
home-automation	w:powerful	0.000000
home-automation	w:printer	0.000000
home-automation	w:process	0.000000
home-automation	w:program	0.000000
home-automation	w:programming	0.000000
home-automation	w:programs	0.000000
home-automation	w:project	0.000000
home-automation	w:protocol	0.000000
home-automation	w:provides	0.000000
home-automation	w:providing	0.000000
home-automation	w:puzzle	0.000000
home-automation	w:python	0.418316
home-automation	w:qml	0.000000
home-automation	w:quake	0.000000
home-automation	w:quickly	0.000000
home-automation	w:re-imagination	0.000000
home-automation	w:real-time	0.000000
home-automation	w:realtek	0.000000
home-automation	w:red	0.000000
home-automation	w:release	0.000000
home-automation	w:round	0.000000
home-automation	w:running	0.000000
home-automation	w:runtime	0.000000
home-automation	w:rust	0.000000
home-automation	w:scalable	0.000000
home-automation	w:scheme	0.000000
home-automation	w:script	0.000000
home-automation	w:scripts	0.000000
home-automation	w:sdk	0.000000
home-automation	w:search	0.000000
home-automation	w:security	0.000000
home-automation	w:server	0.000000
home-automation	w:service	0.000000
home-automation	w:session	0.000000
home-automation	w:set	0.000000
home-automation	w:settings	0.000000
home-automation	w:shell	0.000000
home-automation	w:simple	0.000000
home-automation	w:single	0.000000
home-automation	w:skk	0.000000
home-automation	w:small	0.000000
home-automation	w:software	0.000000
home-automation	w:some	0.000000
home-automation	w:sound	0.000000
home-automation	w:source	-0.000000
home-automation	w:ssh	0.000000
home-automation	w:standard	0.000000
home-automation	w:state	0.000000
home-automation	w:status	0.000000
home-automation	w:studio	0.000000
home-automation	w:style	0.000000
home-automation	w:suite	0.000000
home-automation	w:support	0.169035
home-automation	w:supporting	0.000000
home-automation	w:swift	0.000000
home-automation	w:switchboard	0.000000
home-automation	w:syntax	0.000000
home-automation	w:system	0.177491
home-automation	w:systems	0.000000
home-automation	w:terminal	0.000000
home-automation	w:test	0.000000
home-automation	w:text	0.000000
home-automation	w:theme	0.359310
home-automation	w:through	0.481893
home-automation	w:time	0.000000
home-automation	w:tiny	0.000000
home-automation	w:tmux	0.000000
home-automation	w:tool	0.145855
home-automation	w:toolchain	0.000000
home-automation	w:tools	0.000000
home-automation	w:top	0.000000
home-automation	w:touch	0.000000
home-automation	w:translatelocally	0.000000
home-automation	w:tree	0.000000
home-automation	w:typing	0.000000
home-automation	w:ubuntu	0.000000
home-automation	w:unhinted	0.000000
home-automation	w:unicode	0.000000
home-automation	w:useful	0.000000
home-automation	w:user	0.000000
home-automation	w:uses	0.000000
home-automation	w:utilities	0.000000
home-automation	w:utility	0.000000
home-automation	w:values	0.000000
home-automation	w:variant	0.000000
home-automation	w:various	0.000000
home-automation	w:vdr	0.000000
home-automation	w:version	0.000000
home-automation	w:video	0.000000
home-automation	w:view	0.000000
home-automation	w:viewer	0.000000
home-automation	w:vim	0.000000
home-automation	w:virtual	0.481893
home-automation	w:visual	0.000000
home-automation	w:wayland	0.000000
home-automation	w:web	0.000000
home-automation	w:weechat	0.000000
home-automation	w:width	0.000000
home-automation	w:window	0.000000
home-automation	w:windows	0.000000
home-automation	w:wingpanel	0.000000
home-automation	w:work	0.000000
home-automation	w:working	0.000000
home-automation	w:wrapper	0.000000
home-automation	w:written	0.000000
home-automation	w:x86	0.000000
home-automation	w:yamagi	0.000000
home-automation	w:znc	0.000000
localization	builder:buildDotnetModule	-0.000000
localization	builder:buildDunePackage	-0.000000
localization	builder:buildEnv	-0.000000
localization	builder:buildFHSEnv	0.000000
localization	builder:buildGoModule	-0.000000
localization	builder:buildHomeAssistantComponent	-0.000000
localization	builder:buildKodiAddon	-0.000000
localization	builder:buildNpmPackage	-0.000000
localization	builder:buildPythonApplication	-0.000000
localization	builder:buildPythonPackage	-0.000000
localization	builder:fetchurl	0.772260
localization	builder:fetchzip	-0.000000
localization	builder:mkDerivation	-0.000000
localization	builder:runCommand	-0.000000
localization	builder:rustPlatform.buildRustPackage	-0.000000
localization	builder:stdenv.mkDerivation	0.291409
localization	builder:stdenvNoCC.mkDerivation	1.934400
localization	builder:symlinkJoin	3.410060
localization	builder:vimUtils.buildVimPlugin	-0.000000
localization	desktop:true	-0.000000
localization	gui:gtk3	0.482706
localization	gui:gtk4	-0.005931
localization	gui:wrapGAppsHook3	0.779520
localization	gui:wrapGAppsHook4	0.067664
localization	gui:wrapQtAppsHook	-0.108516
localization	has:mainProgram	-0.998651
localization	host:brother.com	-0.000000
localization	host:buildbot.net	0.000000
localization	host:ctan.org	-0.000000
localization	host:developer.android.com	0.000000
localization	host:dotnet.github.io	-0.000000
localization	host:eclipse.org	-0.000000
localization	host:enlightenment.org	0.000000
localization	host:extensions.gnome.org	-0.000000
localization	host:ftp.gnu.org	4.951966
localization	host:gitlab.linphone.org	0.000000
localization	host:gnu.org	0.000000
localization	host:grafana.com	-0.000000
localization	host:invent.kde.org	-0.000000
localization	host:jetbrains.com	-0.000000
localization	host:kernel.org	0.000000
localization	host:lilypond.org	0.000000
localization	host:multitran.sourceforge.net	0.000000
localization	host:nerdfonts.com	-0.000000
localization	host:open-music-kontrollers.ch	0.000000
localization	host:opensource.apple.com	-0.000000
localization	host:optifine.net	-0.000000
localization	host:pagure.io	-0.000000
localization	host:translatelocally.com	5.418618
localization	host:web.archive.org	0.200109
localization	host:wiki.call-cc.org	-0.000000
localization	host:wiki.documentfoundation.org	5.078506
localization	license:AGPL-3.0-only	-0.000000
localization	license:APSL-1.0	0.000000
localization	license:APSL-2.0	-0.000000
localization	license:Apache-2.0	-0.000000
localization	license:Artistic-2.0	-0.000000
localization	license:BSD-2-Clause	-0.000000
localization	license:BSD-3-Clause	-0.000000
localization	license:BSL-1.0	0.000000
localization	license:CC-BY-4.0	-0.000000
localization	license:CC-BY-SA-3.0	0.200109
localization	license:CC-BY-SA-4.0	2.325801
localization	license:CC0-1.0	-0.000000
localization	license:Classpath-exception-2.0	0.000000
localization	license:EPL-1.0	0.000000
localization	license:FSFAP	0.000000
localization	license:GPL-2.0	-0.084785
localization	license:GPL-2.0-only	-0.138354
localization	license:GPL-2.0-or-later	0.050468
localization	license:GPL-3.0	0.186372
localization	license:GPL-3.0-only	-0.304269
localization	license:GPL-3.0-or-later	-0.406777
localization	license:ISC	0.000000
localization	license:LGPL-2.0-only	-0.000000
localization	license:LGPL-2.0-or-later	-0.000000
localization	license:LGPL-2.1	0.492278
localization	license:LGPL-2.1-only	-0.013662
localization	license:LGPL-2.1-or-later	-0.232695
localization	license:LGPL-3.0-only	-0.000000
localization	license:LGPL-3.0-or-later	-0.000000
localization	license:LPPL-1.3c	-0.000000
localization	license:MIT	-0.662788
localization	license:MPL-2.0	2.278669
localization	license:OFL-1.1	-0.000000
localization	license:PostgreSQL	0.000000
localization	license:Unlicense	0.000000
localization	license:free	0.492278
localization	license:publicDomain	0.649701
localization	license:unfree	-0.162462
localization	license:unfreeRedistributable	-0.000000
localization	name:prefix:kde-	0.000000
localization	name:prefix:lib	-0.003282
localization	name:suffix-bin	-0.000000
localization	name:suffix-driver	0.000000
localization	name:suffix-server	0.000000
localization	name:suffix-theme	0.000000
localization	name:suffix-tools	0.000000
localization	svc:true	-0.000000
localization	w:about	0.000000
localization	w:access	-0.000000
localization	w:addon	0.000000
localization	w:adds	-0.000000
localization	w:advanced	0.000000
localization	w:agent	-0.000000
localization	w:akonadi	0.000000
localization	w:alert	0.000000
localization	w:allows	-0.000000
localization	w:also	0.000000
localization	w:alternative	-0.000000
localization	w:amd	-0.000000
localization	w:analysis	-0.000000
localization	w:android	0.000000
localization	w:api	0.000000
localization	w:app	-0.000000
localization	w:application	-0.000000
localization	w:applications	-0.000000
localization	w:apps	0.000000
localization	w:around	0.000000
localization	w:aspell	5.197961
localization	w:assist	0.000000
localization	w:assistant	-0.000000
localization	w:audio	-0.000000
localization	w:base	2.080143
localization	w:berkeley	-0.000000
localization	w:between	0.000000
localization	w:binary	-0.000000
localization	w:bluetooth	0.000000
localization	w:brother	-0.000000
localization	w:browser	-0.000000
localization	w:build	-0.000000
localization	w:buildbot	0.000000
localization	w:building	0.000000
localization	w:built	-0.000000
localization	w:but	0.000000
localization	w:c++	-0.000000
localization	w:calculator	0.000000
localization	w:calendar	0.000000
localization	w:capture	0.000000
localization	w:cards	0.000000
localization	w:channel	0.000000
localization	w:characters	0.000000
localization	w:check	-0.000000
localization	w:chicken	-0.000000
localization	w:clang	0.000000
localization	w:clean	0.000000
localization	w:client	-0.000000
localization	w:clients	0.000000
localization	w:cloud	0.000000
localization	w:code	-0.000000
localization	w:collection	-0.000000
localization	w:color	0.000000
localization	w:command	-0.000000
localization	w:commands	-0.000000
localization	w:common	-0.000000
localization	w:compiler	-0.000000
localization	w:component	-0.000000
localization	w:components	-0.000000
localization	w:condensed	0.000000
localization	w:configuration	0.048365
localization	w:connect	0.000000
localization	w:conquer	-0.000000
localization	w:console	0.000000
localization	w:control	-0.000000
localization	w:controller	0.000000
localization	w:controlling	0.000000
localization	w:core	-0.000000
localization	w:corner	-0.000000
localization	w:create	0.000000
localization	w:custom	-0.000000
localization	w:customizable	-0.000000
localization	w:daemon	-0.000000
localization	w:darwin	-0.000000
localization	w:data	-0.000000
localization	w:database	-0.000000
localization	w:deadbeef	0.000000
localization	w:designed	-0.000000
localization	w:desktop	-0.000000
localization	w:developers	-0.000000
localization	w:development	-0.000000
localization	w:device	-0.000000
localization	w:devices	-0.000000
localization	w:dictionary	6.194624
localization	w:disk	0.000000
localization	w:display	0.000000
localization	w:displays	-0.000000
localization	w:distributed	-0.000000
localization	w:distribution	0.000000
localization	w:documentation	0.000000
localization	w:documents	0.000000
localization	w:dotted	0.000000
localization	w:driver	-0.000000
localization	w:drivers	0.000000
localization	w:easy	-0.000000
localization	w:eclipse	-0.000000
localization	w:editor	-0.000000
localization	w:efficient	0.000000
localization	w:elementary	-0.000000
localization	w:elm	-0.000000
localization	w:embedded	0.000000
localization	w:emulator	0.000000
localization	w:engine	0.941327
localization	w:english	2.621899
localization	w:environment	-0.000000
localization	w:extensible	0.000000
localization	w:extension	-0.000000
localization	w:fast	-0.000000
localization	w:features	-0.000000
localization	w:file	-0.000000
localization	w:files	-0.000000
localization	w:firefox	0.000000
localization	w:firmware	0.000000
localization	w:fish	-0.000000
localization	w:flexible	0.000000
localization	w:font	-0.000000
localization	w:fonts	-0.000000
localization	w:fork	-0.000000
localization	w:format	0.000000
localization	w:framework	0.078199
localization	w:free	-0.000000
localization	w:freshrss	0.000000
localization	w:functionality	0.000000
localization	w:functions	0.000000
localization	w:game	-0.000000
localization	w:games	0.000000
localization	w:generator	0.000000
localization	w:ghidra	0.000000
localization	w:gnome	-0.000000
localization	w:gnu	-0.000000
localization	w:google	0.000000
localization	w:grafana	-0.000000
localization	w:gui	-0.000000
localization	w:handling	0.000000
localization	w:hardware	0.000000
localization	w:hashes	0.000000
localization	w:helm	0.000000
localization	w:high	0.000000
localization	w:high-performance	0.000000
localization	w:highlighting	0.000000
localization	w:home	-0.000000
localization	w:http	0.000000
localization	w:hyphen	5.197961
localization	w:hyprland	-0.000000
localization	w:ibus	3.978639
localization	w:ide	-0.000000
localization	w:image	0.000000
localization	w:implementation	-0.000000
localization	w:including	0.000000
localization	w:indian	-0.000000
localization	w:indicator	-0.000000
localization	w:information	-0.000000
localization	w:injection	0.000000
localization	w:input	3.245774
localization	w:install	0.000000
localization	w:integrate	0.000000
localization	w:integrates	0.000000
localization	w:integration	-0.000000
localization	w:intel	-0.000000
localization	w:interface	0.302543
localization	w:iosevka	-0.000000
localization	w:jack	0.000000
localization	w:java	-0.000000
localization	w:javascript	-0.000000
localization	w:jetbrains	-0.000000
localization	w:json	0.000000
localization	w:kde	-0.000000
localization	w:kernel	-0.000000
localization	w:keyboard	0.000000
localization	w:kio	0.000000
localization	w:kodi	-0.000000
localization	w:kubernetes	-0.000000
localization	w:language	-0.000000
localization	w:languages	-0.000000
localization	w:laptop	0.000000
localization	w:libraries	-0.000000
localization	w:library	-0.000000
localization	w:libreoffice	5.078506
localization	w:libretro	-0.000000
localization	w:ligature	-0.000000
localization	w:ligatures	-0.000000
localization	w:lightweight	-0.000000
localization	w:lilypond	0.000000
localization	w:line	-0.000000
localization	w:linphone	0.000000
localization	w:linux	-0.000000
localization	w:lisp	-0.000000
localization	w:lldb	0.000000
localization	w:llvm	0.000000
localization	w:lomiri	-0.000000
localization	w:lua	0.000000
localization	w:lv2	-0.000000
localization	w:lxqt	-0.000000
localization	w:machine	0.000000
localization	w:make	0.000000
localization	w:makes	0.000000
localization	w:man	-0.000000
localization	w:manage	-0.000000
localization	w:management	-0.000000
localization	w:manager	-0.000000
localization	w:many	0.000000
localization	w:markdown	0.000000
localization	w:menu	0.000000
localization	w:method	2.366939
localization	w:mimicking	-0.000000
localization	w:minecraft	-0.000000
localization	w:minimal	0.000000
localization	w:mobile	-0.000000
localization	w:mod	-0.000000
localization	w:mode	0.000000
localization	w:model	5.418618
localization	w:modern	0.000000
localization	w:module	-0.000000
localization	w:monitor	0.000000
localization	w:monitoring	-0.000000
localization	w:mono	-0.000000
localization	w:monospace	0.000000
localization	w:mopidy	-0.000000
localization	w:multitran	0.000000
localization	w:music	-0.000000
localization	w:native	0.000000
localization	w:neovim	-0.000000
localization	w:nerd	-0.000000
localization	w:net	-0.000000
localization	w:network	-0.000000
localization	w:networking	0.000000
localization	w:new	0.000000
localization	w:nix	0.000000
localization	w:normal	-0.000000
localization	w:notification	0.000000
localization	w:notifications	0.000000
localization	w:nvidia	0.000000
localization	w:obs	-0.000000
localization	w:obtain	0.000000
localization	w:ocaml	-0.000000
localization	w:official	0.000000
localization	w:one	0.533360
localization	w:open	-0.000000
localization	w:open-source	0.000000
localization	w:openjdk	0.000000
localization	w:optimization	-0.000000
localization	w:original	-0.000000
localization	w:package	-0.000000
localization	w:page	0.000000
localization	w:pages	0.000000
localization	w:panel	-0.000000
localization	w:pantheon	-0.000000
localization	w:parser	-0.000000
localization	w:pass	-0.000000
localization	w:password	0.000000
localization	w:passwords	0.000000
localization	w:php	0.000000
localization	w:pim	-0.000000
localization	w:plasma	-0.000000
localization	w:platform	-0.000000
localization	w:player	-0.000000
localization	w:playing	-0.000000
localization	w:plug	0.000000
localization	w:plugin	-0.000000
localization	w:plugins	-0.000000
localization	w:port	-0.000000
localization	w:postgresql	-0.000000
localization	w:power	0.000000
localization	w:powerful	-0.000000
localization	w:printer	-0.000000
localization	w:process	0.000000
localization	w:program	-0.000000
localization	w:programming	-0.000000
localization	w:programs	0.000000
localization	w:project	-0.000000
localization	w:protocol	-0.000000
localization	w:provides	-0.000000
localization	w:providing	-0.000000
localization	w:puzzle	0.000000
localization	w:python	-0.000000
localization	w:qml	0.000000
localization	w:quake	-0.000000
localization	w:quickly	0.000000
localization	w:re-imagination	0.000000
localization	w:real-time	0.000000
localization	w:realtek	-0.000000
localization	w:red	0.000000
localization	w:release	-0.000000
localization	w:round	-0.000000
localization	w:running	0.000000
localization	w:runtime	-0.000000
localization	w:rust	-0.000000
localization	w:scalable	0.000000
localization	w:scheme	-0.000000
localization	w:script	-0.000000
localization	w:scripts	-0.000000
localization	w:sdk	0.000000
localization	w:search	-0.000000
localization	w:security	0.000000
localization	w:server	-0.000000
localization	w:service	-0.000000
localization	w:session	0.000000
localization	w:set	-0.000000
localization	w:settings	-0.000000
localization	w:shell	-0.000000
localization	w:simple	-0.000000
localization	w:single	0.000000
localization	w:skk	5.078506
localization	w:small	0.143686
localization	w:software	-0.000000
localization	w:some	-0.000000
localization	w:sound	0.000000
localization	w:source	-0.000000
localization	w:ssh	0.000000
localization	w:standard	0.114397
localization	w:state	0.000000
localization	w:status	0.000000
localization	w:studio	-0.000000
localization	w:style	-0.000000
localization	w:suite	0.000000
localization	w:support	-0.000000
localization	w:supporting	0.000000
localization	w:swift	0.000000
localization	w:switchboard	0.000000
localization	w:syntax	0.000000
localization	w:system	-0.000000
localization	w:systems	-0.000000
localization	w:terminal	-0.000000
localization	w:test	-0.000000
localization	w:text	-0.000000
localization	w:theme	-0.000000
localization	w:through	0.000000
localization	w:time	-0.000000
localization	w:tiny	3.992954
localization	w:tmux	-0.000000
localization	w:tool	-0.112180
localization	w:toolchain	0.000000
localization	w:tools	-0.000000
localization	w:top	-0.000000
localization	w:touch	-0.000000
localization	w:translatelocally	5.418618
localization	w:tree	0.000000
localization	w:typing	0.285590
localization	w:ubuntu	-0.000000
localization	w:unhinted	-0.000000
localization	w:unicode	0.285590
localization	w:useful	0.200109
localization	w:user	-0.000000
localization	w:uses	-0.000000
localization	w:utilities	-0.000000
localization	w:utility	-0.000000
localization	w:values	0.000000
localization	w:variant	0.345343
localization	w:various	0.128409
localization	w:vdr	0.000000
localization	w:version	0.000000
localization	w:video	0.000000
localization	w:view	0.000000
localization	w:viewer	-0.000000
localization	w:vim	0.000000
localization	w:virtual	0.000000
localization	w:visual	0.000000
localization	w:wayland	-0.000000
localization	w:web	-0.000000
localization	w:weechat	0.000000
localization	w:width	-0.000000
localization	w:window	-0.000000
localization	w:windows	-0.000000
localization	w:wingpanel	0.000000
localization	w:work	0.000000
localization	w:working	0.000000
localization	w:wrapper	-0.000000
localization	w:written	-0.000000
localization	w:x86	0.000000
localization	w:yamagi	0.000000
localization	w:znc	0.000000
monitoring	builder:buildDotnetModule	0.000000
monitoring	builder:buildDunePackage	0.000000
monitoring	builder:buildEnv	-0.000000
monitoring	builder:buildFHSEnv	0.000000
monitoring	builder:buildGoModule	0.609366
monitoring	builder:buildHomeAssistantComponent	0.000000
monitoring	builder:buildKodiAddon	0.000000
monitoring	builder:buildNpmPackage	0.000000
monitoring	builder:buildPythonApplication	0.152594
monitoring	builder:buildPythonPackage	0.000000
monitoring	builder:fetchurl	-0.423208
monitoring	builder:fetchzip	-0.000000
monitoring	builder:mkDerivation	-0.000000
monitoring	builder:runCommand	-0.000000
monitoring	builder:rustPlatform.buildRustPackage	-0.000000
monitoring	builder:stdenv.mkDerivation	-0.402375
monitoring	builder:stdenvNoCC.mkDerivation	-0.080947
monitoring	builder:symlinkJoin	-0.000000
monitoring	builder:vimUtils.buildVimPlugin	0.000000
monitoring	desktop:true	-0.000000
monitoring	gui:gtk3	-0.000000
monitoring	gui:gtk4	-0.000000
monitoring	gui:wrapGAppsHook3	-0.000000
monitoring	gui:wrapGAppsHook4	0.000000
monitoring	gui:wrapQtAppsHook	-0.000000
monitoring	has:mainProgram	-0.201693
monitoring	host:brother.com	0.000000
monitoring	host:buildbot.net	0.000000
monitoring	host:ctan.org	0.000000
monitoring	host:developer.android.com	0.000000
monitoring	host:dotnet.github.io	0.000000
monitoring	host:eclipse.org	0.000000
monitoring	host:enlightenment.org	0.000000
monitoring	host:extensions.gnome.org	0.000000
monitoring	host:ftp.gnu.org	0.000000
monitoring	host:gitlab.linphone.org	0.000000
monitoring	host:gnu.org	0.000000
monitoring	host:grafana.com	5.879788
monitoring	host:invent.kde.org	-0.000000
monitoring	host:jetbrains.com	0.000000
monitoring	host:kernel.org	0.000000
monitoring	host:lilypond.org	0.000000
monitoring	host:multitran.sourceforge.net	0.000000
monitoring	host:nerdfonts.com	0.000000
monitoring	host:open-music-kontrollers.ch	0.000000
monitoring	host:opensource.apple.com	0.000000
monitoring	host:optifine.net	0.000000
monitoring	host:pagure.io	0.000000
monitoring	host:translatelocally.com	0.000000
monitoring	host:web.archive.org	0.000000
monitoring	host:wiki.call-cc.org	-0.000000
monitoring	host:wiki.documentfoundation.org	0.000000
monitoring	license:AGPL-3.0-only	0.350394
monitoring	license:APSL-1.0	0.000000
monitoring	license:APSL-2.0	0.000000
monitoring	license:Apache-2.0	1.210202
monitoring	license:Artistic-2.0	0.000000
monitoring	license:BSD-2-Clause	-0.000000
monitoring	license:BSD-3-Clause	-0.239460
monitoring	license:BSL-1.0	0.000000
monitoring	license:CC-BY-4.0	0.000000
monitoring	license:CC-BY-SA-3.0	0.000000
monitoring	license:CC-BY-SA-4.0	-0.000000
monitoring	license:CC0-1.0	-0.000000
monitoring	license:Classpath-exception-2.0	0.000000
monitoring	license:EPL-1.0	0.000000
monitoring	license:FSFAP	0.000000
monitoring	license:GPL-2.0	-0.000000
monitoring	license:GPL-2.0-only	-0.029532
monitoring	license:GPL-2.0-or-later	0.014839
monitoring	license:GPL-3.0	-0.000000
monitoring	license:GPL-3.0-only	-0.132402
monitoring	license:GPL-3.0-or-later	-0.172693
monitoring	license:ISC	0.000000
monitoring	license:LGPL-2.0-only	-0.000000
monitoring	license:LGPL-2.0-or-later	-0.000000
monitoring	license:LGPL-2.1	0.000000
monitoring	license:LGPL-2.1-only	-0.000000
monitoring	license:LGPL-2.1-or-later	-0.000000
monitoring	license:LGPL-3.0-only	-0.000000
monitoring	license:LGPL-3.0-or-later	-0.000000
monitoring	license:LPPL-1.3c	0.000000
monitoring	license:MIT	0.024357
monitoring	license:MPL-2.0	-0.000000
monitoring	license:OFL-1.1	-0.000000
monitoring	license:PostgreSQL	0.000000
monitoring	license:Unlicense	0.000000
monitoring	license:free	0.000000
monitoring	license:publicDomain	0.285675
monitoring	license:unfree	-0.000000
monitoring	license:unfreeRedistributable	0.000000
monitoring	name:prefix:kde-	0.000000
monitoring	name:prefix:lib	-0.000000
monitoring	name:suffix-bin	0.000000
monitoring	name:suffix-driver	0.000000
monitoring	name:suffix-server	0.000000
monitoring	name:suffix-theme	0.000000
monitoring	name:suffix-tools	0.000000
monitoring	svc:true	0.091312
monitoring	w:about	0.000000
monitoring	w:access	0.000000
monitoring	w:addon	0.000000
monitoring	w:adds	0.000000
monitoring	w:advanced	0.000000
monitoring	w:agent	0.371366
monitoring	w:akonadi	0.000000
monitoring	w:alert	0.000000
monitoring	w:allows	0.902906
monitoring	w:also	0.000000
monitoring	w:alternative	0.000000
monitoring	w:amd	0.000000
monitoring	w:analysis	0.000000
monitoring	w:android	0.000000
monitoring	w:api	0.000000
monitoring	w:app	0.272737
monitoring	w:application	-0.000000
monitoring	w:applications	0.202336
monitoring	w:apps	0.000000
monitoring	w:around	0.000000
monitoring	w:aspell	0.000000
monitoring	w:assist	0.000000
monitoring	w:assistant	0.000000
monitoring	w:audio	0.000000
monitoring	w:base	0.000000
monitoring	w:berkeley	0.000000
monitoring	w:between	0.000000
monitoring	w:binary	0.000000
monitoring	w:bluetooth	0.000000
monitoring	w:brother	0.000000
monitoring	w:browser	0.000000
monitoring	w:build	0.000000
monitoring	w:buildbot	0.000000
monitoring	w:building	0.000000
monitoring	w:built	0.000000
monitoring	w:but	0.000000
monitoring	w:c++	0.000000
monitoring	w:calculator	0.000000
monitoring	w:calendar	0.000000
monitoring	w:capture	0.000000
monitoring	w:cards	0.000000
monitoring	w:channel	0.000000
monitoring	w:characters	0.000000
monitoring	w:check	3.266017
monitoring	w:chicken	0.000000
monitoring	w:clang	0.000000
monitoring	w:clean	0.000000
monitoring	w:client	-0.000000
monitoring	w:clients	0.000000
monitoring	w:cloud	0.000000
monitoring	w:code	-0.000000
monitoring	w:collection	0.000000
monitoring	w:color	0.000000
monitoring	w:command	-0.000000
monitoring	w:commands	0.000000
monitoring	w:common	0.000000
monitoring	w:compiler	0.000000
monitoring	w:component	0.000000
monitoring	w:components	0.000000
monitoring	w:condensed	0.000000
monitoring	w:configuration	0.000000
monitoring	w:connect	0.456834
monitoring	w:conquer	0.000000
monitoring	w:console	0.423279
monitoring	w:control	0.000000
monitoring	w:controller	0.000000
monitoring	w:controlling	0.000000
monitoring	w:core	0.000000
monitoring	w:corner	0.000000
monitoring	w:create	0.000000
monitoring	w:custom	0.000000
monitoring	w:customizable	0.000000
monitoring	w:daemon	0.000000
monitoring	w:darwin	0.000000
monitoring	w:data	1.322317
monitoring	w:database	0.000000
monitoring	w:deadbeef	0.000000
monitoring	w:designed	0.000000
monitoring	w:desktop	-0.000000
monitoring	w:developers	0.000000
monitoring	w:development	0.000000
monitoring	w:device	0.000000
monitoring	w:devices	-0.000000
monitoring	w:dictionary	-0.000000
monitoring	w:disk	0.456834
monitoring	w:display	0.880500
monitoring	w:displays	0.000000
monitoring	w:distributed	1.585519
monitoring	w:distribution	0.000000
monitoring	w:documentation	0.000000
monitoring	w:documents	0.000000
monitoring	w:dotted	0.000000
monitoring	w:driver	-0.000000
monitoring	w:drivers	0.000000
monitoring	w:easy	0.000000
monitoring	w:eclipse	0.000000
monitoring	w:editor	0.000000
monitoring	w:efficient	0.000000
monitoring	w:elementary	0.000000
monitoring	w:elm	0.000000
monitoring	w:embedded	0.000000
monitoring	w:emulator	0.000000
monitoring	w:engine	0.000000
monitoring	w:english	0.000000
monitoring	w:environment	0.000000
monitoring	w:extensible	0.000000
monitoring	w:extension	-0.000000
monitoring	w:fast	0.000000
monitoring	w:features	0.000000
monitoring	w:file	0.000000
monitoring	w:files	-0.000000
monitoring	w:firefox	0.000000
monitoring	w:firmware	0.000000
monitoring	w:fish	0.000000
monitoring	w:flexible	0.000000
monitoring	w:font	-0.000000
monitoring	w:fonts	-0.000000
monitoring	w:fork	0.000000
monitoring	w:format	0.456834
monitoring	w:framework	0.000000
monitoring	w:free	-0.000000
monitoring	w:freshrss	0.000000
monitoring	w:functionality	0.000000
monitoring	w:functions	0.000000
monitoring	w:game	-0.000000
monitoring	w:games	0.000000
monitoring	w:generator	0.000000
monitoring	w:ghidra	0.000000
monitoring	w:gnome	0.000000
monitoring	w:gnu	0.000000
monitoring	w:google	0.000000
monitoring	w:grafana	5.688703
monitoring	w:gui	0.000000
monitoring	w:handling	0.000000
monitoring	w:hardware	0.880500
monitoring	w:hashes	0.000000
monitoring	w:helm	0.000000
monitoring	w:high	0.000000
monitoring	w:high-performance	0.000000
monitoring	w:highlighting	0.000000
monitoring	w:home	0.000000
monitoring	w:http	0.000000
monitoring	w:hyphen	0.000000
monitoring	w:hyprland	0.000000
monitoring	w:ibus	0.000000
monitoring	w:ide	-0.000000
monitoring	w:image	0.395326
monitoring	w:implementation	-0.000000
monitoring	w:including	0.000000
monitoring	w:indian	0.000000
monitoring	w:indicator	0.000000
monitoring	w:information	0.000000
monitoring	w:injection	0.000000
monitoring	w:input	0.000000
monitoring	w:install	0.000000
monitoring	w:integrate	1.010017
monitoring	w:integrates	0.000000
monitoring	w:integration	0.000000
monitoring	w:intel	0.000000
monitoring	w:interface	0.000000
monitoring	w:iosevka	0.000000
monitoring	w:jack	0.000000
monitoring	w:java	0.000000
monitoring	w:javascript	0.000000
monitoring	w:jetbrains	0.000000
monitoring	w:json	0.395326
monitoring	w:kde	-0.000000
monitoring	w:kernel	-0.000000
monitoring	w:keyboard	0.000000
monitoring	w:kio	0.000000
monitoring	w:kodi	0.000000
monitoring	w:kubernetes	0.000000
monitoring	w:language	-0.000000
monitoring	w:languages	0.000000
monitoring	w:laptop	0.000000
monitoring	w:libraries	0.000000
monitoring	w:library	-0.028035
monitoring	w:libreoffice	0.000000
monitoring	w:libretro	0.000000
monitoring	w:ligature	0.000000
monitoring	w:ligatures	0.000000
monitoring	w:lightweight	0.668621
monitoring	w:lilypond	0.000000
monitoring	w:line	-0.000000
monitoring	w:linphone	0.000000
monitoring	w:linux	-0.000000
monitoring	w:lisp	0.000000
monitoring	w:lldb	0.000000
monitoring	w:llvm	0.000000
monitoring	w:lomiri	0.000000
monitoring	w:lua	0.000000
monitoring	w:lv2	0.000000
monitoring	w:lxqt	0.000000
monitoring	w:machine	0.000000
monitoring	w:make	0.000000
monitoring	w:makes	0.000000
monitoring	w:man	0.000000
monitoring	w:manage	0.000000
monitoring	w:management	0.000000
monitoring	w:manager	-0.000000
monitoring	w:many	0.000000
monitoring	w:markdown	0.000000
monitoring	w:menu	0.000000
monitoring	w:method	0.000000
monitoring	w:mimicking	0.000000
monitoring	w:minecraft	0.000000
monitoring	w:minimal	0.000000
monitoring	w:mobile	0.000000
monitoring	w:mod	0.000000
monitoring	w:mode	0.000000
monitoring	w:model	0.000000
monitoring	w:modern	0.000000
monitoring	w:module	-0.000000
monitoring	w:monitor	0.000000
monitoring	w:monitoring	1.871719
monitoring	w:mono	0.000000
monitoring	w:monospace	0.000000
monitoring	w:mopidy	0.000000
monitoring	w:multitran	0.000000
monitoring	w:music	0.000000
monitoring	w:native	0.000000
monitoring	w:neovim	0.000000
monitoring	w:nerd	-0.000000
monitoring	w:net	0.000000
monitoring	w:network	0.582576
monitoring	w:networking	0.000000
monitoring	w:new	0.000000
monitoring	w:nix	0.000000
monitoring	w:normal	0.000000
monitoring	w:notification	0.000000
monitoring	w:notifications	0.000000
monitoring	w:nvidia	0.000000
monitoring	w:obs	0.000000
monitoring	w:obtain	0.000000
monitoring	w:ocaml	0.000000
monitoring	w:official	0.000000
monitoring	w:one	0.000000
monitoring	w:open	0.634626
monitoring	w:open-source	0.000000
monitoring	w:openjdk	0.000000
monitoring	w:optimization	0.000000
monitoring	w:original	0.000000
monitoring	w:package	0.229041
monitoring	w:page	0.000000
monitoring	w:pages	0.000000
monitoring	w:panel	1.177127
monitoring	w:pantheon	0.000000
monitoring	w:parser	0.000000
monitoring	w:pass	0.000000
monitoring	w:password	0.000000
monitoring	w:passwords	0.000000
monitoring	w:php	0.423279
monitoring	w:pim	0.000000
monitoring	w:plasma	-0.000000
monitoring	w:platform	0.000000
monitoring	w:player	0.000000
monitoring	w:playing	0.000000
monitoring	w:plug	0.000000
monitoring	w:plugin	0.992157
monitoring	w:plugins	0.350394
monitoring	w:port	0.000000
monitoring	w:postgresql	0.000000
monitoring	w:power	0.000000
monitoring	w:powerful	0.000000
monitoring	w:printer	0.000000
monitoring	w:process	0.000000
monitoring	w:program	0.000000
monitoring	w:programming	-0.000000
monitoring	w:programs	0.000000
monitoring	w:project	0.000000
monitoring	w:protocol	0.194287
monitoring	w:provides	0.000000
monitoring	w:providing	0.000000
monitoring	w:puzzle	0.000000
monitoring	w:python	0.000000
monitoring	w:qml	0.000000
monitoring	w:quake	0.000000
monitoring	w:quickly	0.000000
monitoring	w:re-imagination	0.000000
monitoring	w:real-time	0.000000
monitoring	w:realtek	0.000000
monitoring	w:red	0.000000
monitoring	w:release	0.000000
monitoring	w:round	0.000000
monitoring	w:running	0.000000
monitoring	w:runtime	0.000000
monitoring	w:rust	0.000000
monitoring	w:scalable	0.000000
monitoring	w:scheme	0.000000
monitoring	w:script	0.000000
monitoring	w:scripts	0.000000
monitoring	w:sdk	0.000000
monitoring	w:search	0.331746
monitoring	w:security	0.000000
monitoring	w:server	0.129512
monitoring	w:service	0.000000
monitoring	w:session	0.000000
monitoring	w:set	0.331746
monitoring	w:settings	0.000000
monitoring	w:shell	-0.000000
monitoring	w:simple	0.000000
monitoring	w:single	0.000000
monitoring	w:skk	0.000000
monitoring	w:small	0.000000
monitoring	w:software	0.000000
monitoring	w:some	0.000000
monitoring	w:sound	0.000000
monitoring	w:source	0.673042
monitoring	w:ssh	0.000000
monitoring	w:standard	0.000000
monitoring	w:state	0.456834
monitoring	w:status	0.423279
monitoring	w:studio	0.000000
monitoring	w:style	0.000000
monitoring	w:suite	0.000000
monitoring	w:support	-0.000000
monitoring	w:supporting	0.000000
monitoring	w:swift	0.000000
monitoring	w:switchboard	0.000000
monitoring	w:syntax	0.000000
monitoring	w:system	-0.000000
monitoring	w:systems	0.350394
monitoring	w:terminal	0.000000
monitoring	w:test	0.000000
monitoring	w:text	0.238959
monitoring	w:theme	0.272737
monitoring	w:through	0.395326
monitoring	w:time	0.000000
monitoring	w:tiny	0.000000
monitoring	w:tmux	0.000000
monitoring	w:tool	0.059249
monitoring	w:toolchain	0.000000
monitoring	w:tools	0.000000
monitoring	w:top	0.000000
monitoring	w:touch	0.000000
monitoring	w:translatelocally	0.000000
monitoring	w:tree	0.000000
monitoring	w:typing	0.000000
monitoring	w:ubuntu	0.000000
monitoring	w:unhinted	0.000000
monitoring	w:unicode	0.000000
monitoring	w:useful	0.000000
monitoring	w:user	0.000000
monitoring	w:uses	0.371366
monitoring	w:utilities	0.000000
monitoring	w:utility	0.000000
monitoring	w:values	0.456834
monitoring	w:variant	0.000000
monitoring	w:various	0.000000
monitoring	w:vdr	0.000000
monitoring	w:version	0.000000
monitoring	w:video	0.000000
monitoring	w:view	0.423279
monitoring	w:viewer	0.000000
monitoring	w:vim	0.000000
monitoring	w:virtual	0.000000
monitoring	w:visual	0.000000
monitoring	w:wayland	0.000000
monitoring	w:web	0.165402
monitoring	w:weechat	0.000000
monitoring	w:width	0.000000
monitoring	w:window	0.000000
monitoring	w:windows	0.331746
monitoring	w:wingpanel	0.000000
monitoring	w:work	0.000000
monitoring	w:working	0.000000
monitoring	w:wrapper	-0.000000
monitoring	w:written	0.000000
monitoring	w:x86	0.000000
monitoring	w:yamagi	0.000000
monitoring	w:znc	0.000000
networking	builder:buildDotnetModule	0.000000
networking	builder:buildDunePackage	0.277023
networking	builder:buildEnv	0.000000
networking	builder:buildFHSEnv	0.000000
networking	builder:buildGoModule	0.435579
networking	builder:buildHomeAssistantComponent	0.000000
networking	builder:buildKodiAddon	0.000000
networking	builder:buildNpmPackage	0.000000
networking	builder:buildPythonApplication	0.000000
networking	builder:buildPythonPackage	0.362933
networking	builder:fetchurl	0.256905
networking	builder:fetchzip	-0.000000
networking	builder:mkDerivation	0.000000
networking	builder:runCommand	-0.018347
networking	builder:rustPlatform.buildRustPackage	0.227224
networking	builder:stdenv.mkDerivation	0.870774
networking	builder:stdenvNoCC.mkDerivation	-0.000000
networking	builder:symlinkJoin	0.000000
networking	builder:vimUtils.buildVimPlugin	0.000000
networking	desktop:true	0.471555
networking	gui:gtk3	0.265187
networking	gui:gtk4	0.000000
networking	gui:wrapGAppsHook3	0.134608
networking	gui:wrapGAppsHook4	0.000000
networking	gui:wrapQtAppsHook	-0.000000
networking	has:mainProgram	0.382176
networking	host:brother.com	0.000000
networking	host:buildbot.net	0.000000
networking	host:ctan.org	0.000000
networking	host:developer.android.com	0.000000
networking	host:dotnet.github.io	0.000000
networking	host:eclipse.org	0.000000
networking	host:enlightenment.org	0.000000
networking	host:extensions.gnome.org	0.000000
networking	host:ftp.gnu.org	0.000000
networking	host:gitlab.linphone.org	0.000000
networking	host:gnu.org	0.000000
networking	host:grafana.com	0.000000
networking	host:invent.kde.org	-0.000000
networking	host:jetbrains.com	0.000000
networking	host:kernel.org	0.000000
networking	host:lilypond.org	0.000000
networking	host:multitran.sourceforge.net	0.000000
networking	host:nerdfonts.com	0.000000
networking	host:open-music-kontrollers.ch	0.000000
networking	host:opensource.apple.com	0.000000
networking	host:optifine.net	0.000000
networking	host:pagure.io	0.000000
networking	host:translatelocally.com	0.000000
networking	host:web.archive.org	0.000000
networking	host:wiki.call-cc.org	0.000000
networking	host:wiki.documentfoundation.org	0.000000
networking	license:AGPL-3.0-only	0.000000
networking	license:APSL-1.0	0.000000
networking	license:APSL-2.0	0.000000
networking	license:Apache-2.0	0.706361
networking	license:Artistic-2.0	0.000000
networking	license:BSD-2-Clause	0.502294
networking	license:BSD-3-Clause	-0.077154
networking	license:BSL-1.0	0.000000
networking	license:CC-BY-4.0	0.000000
networking	license:CC-BY-SA-3.0	0.000000
networking	license:CC-BY-SA-4.0	-0.000000
networking	license:CC0-1.0	-0.000000
networking	license:Classpath-exception-2.0	0.000000
networking	license:EPL-1.0	0.000000
networking	license:FSFAP	0.000000
networking	license:GPL-2.0	0.134608
networking	license:GPL-2.0-only	-0.017334
networking	license:GPL-2.0-or-later	-0.000000
networking	license:GPL-3.0	-0.000000
networking	license:GPL-3.0-only	-0.084341
networking	license:GPL-3.0-or-later	-0.053902
networking	license:ISC	0.000000
networking	license:LGPL-2.0-only	-0.000000
networking	license:LGPL-2.0-or-later	-0.000000
networking	license:LGPL-2.1	0.000000
networking	license:LGPL-2.1-only	-0.000000
networking	license:LGPL-2.1-or-later	-0.000000
networking	license:LGPL-3.0-only	-0.000000
networking	license:LGPL-3.0-or-later	-0.000000
networking	license:LPPL-1.3c	0.000000
networking	license:MIT	0.086717
networking	license:MPL-2.0	-0.000000
networking	license:OFL-1.1	-0.000000
networking	license:PostgreSQL	0.000000
networking	license:Unlicense	0.000000
networking	license:free	0.000000
networking	license:publicDomain	0.000000
networking	license:unfree	0.260384
networking	license:unfreeRedistributable	0.000000
networking	name:prefix:kde-	0.000000
networking	name:prefix:lib	-0.000000
networking	name:suffix-bin	0.250320
networking	name:suffix-driver	0.000000
networking	name:suffix-server	0.471254
networking	name:suffix-theme	0.000000
networking	name:suffix-tools	0.000000
networking	svc:true	0.859483
networking	w:about	0.000000
networking	w:access	0.000000
networking	w:addon	0.000000
networking	w:adds	0.000000
networking	w:advanced	0.504809
networking	w:agent	0.419342
networking	w:akonadi	0.000000
networking	w:alert	0.000000
networking	w:allows	0.000000
networking	w:also	0.000000
networking	w:alternative	0.000000
networking	w:amd	0.000000
networking	w:analysis	0.379723
networking	w:android	0.000000
networking	w:api	0.000000
networking	w:app	0.000000
networking	w:application	0.206867
networking	w:applications	0.000000
networking	w:apps	0.000000
networking	w:around	0.000000
networking	w:aspell	0.000000
networking	w:assist	0.000000
networking	w:assistant	0.000000
networking	w:audio	0.000000
networking	w:base	0.000000
networking	w:berkeley	0.000000
networking	w:between	0.000000
networking	w:binary	0.000000
networking	w:bluetooth	0.000000
networking	w:brother	0.000000
networking	w:browser	0.000000
networking	w:build	0.000000
networking	w:buildbot	0.000000
networking	w:building	0.000000
networking	w:built	0.000000
networking	w:but	0.000000
networking	w:c++	0.000000
networking	w:calculator	0.000000
networking	w:calendar	0.000000
networking	w:capture	0.000000
networking	w:cards	0.000000
networking	w:channel	0.000000
networking	w:characters	0.000000
networking	w:check	0.000000
networking	w:chicken	0.000000
networking	w:clang	0.000000
networking	w:clean	0.000000
networking	w:client	1.005476
networking	w:clients	0.000000
networking	w:cloud	0.471254
networking	w:code	-0.000000
networking	w:collection	0.000000
networking	w:color	0.000000
networking	w:command	-0.000000
networking	w:commands	0.000000
networking	w:common	0.000000
networking	w:compiler	0.000000
networking	w:component	0.000000
networking	w:components	0.000000
networking	w:condensed	0.000000
networking	w:configuration	0.000000
networking	w:connect	0.000000
networking	w:conquer	0.000000
networking	w:console	0.000000
networking	w:control	0.000000
networking	w:controller	0.000000
networking	w:controlling	0.000000
networking	w:core	0.000000
networking	w:corner	0.000000
networking	w:create	0.000000
networking	w:custom	0.000000
networking	w:customizable	0.000000
networking	w:daemon	0.000000
networking	w:darwin	0.000000
networking	w:data	0.000000
networking	w:database	0.000000
networking	w:deadbeef	0.000000
networking	w:designed	0.000000
networking	w:desktop	0.000000
networking	w:developers	0.000000
networking	w:development	0.000000
networking	w:device	0.000000
networking	w:devices	0.000000
networking	w:dictionary	-0.000000
networking	w:disk	0.000000
networking	w:display	0.000000
networking	w:displays	0.000000
networking	w:distributed	0.000000
networking	w:distribution	0.000000
networking	w:documentation	0.000000
networking	w:documents	0.000000
networking	w:dotted	0.000000
networking	w:driver	-0.000000
networking	w:drivers	0.000000
networking	w:easy	0.000000
networking	w:eclipse	0.000000
networking	w:editor	0.000000
networking	w:efficient	0.504809
networking	w:elementary	0.000000
networking	w:elm	0.000000
networking	w:embedded	0.000000
networking	w:emulator	0.000000
networking	w:engine	0.000000
networking	w:english	0.000000
networking	w:environment	0.000000
networking	w:extensible	0.000000
networking	w:extension	-0.000000
networking	w:fast	0.000000
networking	w:features	0.000000
networking	w:file	0.632753
networking	w:files	0.000000
networking	w:firefox	0.000000
networking	w:firmware	0.000000
networking	w:fish	0.286940
networking	w:flexible	0.504809
networking	w:font	-0.000000
networking	w:fonts	-0.000000
networking	w:fork	0.000000
networking	w:format	0.000000
networking	w:framework	0.000000
networking	w:free	0.188658
networking	w:freshrss	0.000000
networking	w:functionality	0.000000
networking	w:functions	0.000000
networking	w:game	-0.000000
networking	w:games	0.000000
networking	w:generator	0.000000
networking	w:ghidra	0.000000
networking	w:gnome	0.000000
networking	w:gnu	0.000000
networking	w:google	0.443302
networking	w:grafana	0.000000
networking	w:gui	0.000000
networking	w:handling	0.000000
networking	w:hardware	0.000000
networking	w:hashes	0.000000
networking	w:helm	0.000000
networking	w:high	0.504809
networking	w:high-performance	0.000000
networking	w:highlighting	0.000000
networking	w:home	0.000000
networking	w:http	0.000000
networking	w:hyphen	0.000000
networking	w:hyprland	0.000000
networking	w:ibus	0.000000
networking	w:ide	-0.000000
networking	w:image	0.000000
networking	w:implementation	1.182081
networking	w:including	0.000000
networking	w:indian	0.000000
networking	w:indicator	0.000000
networking	w:information	0.000000
networking	w:injection	0.000000
networking	w:input	0.000000
networking	w:install	0.000000
networking	w:integrate	0.000000
networking	w:integrates	0.000000
networking	w:integration	0.000000
networking	w:intel	0.000000
networking	w:interface	0.000000
networking	w:iosevka	0.000000
networking	w:jack	0.000000
networking	w:java	0.000000
networking	w:javascript	0.000000
networking	w:jetbrains	0.000000
networking	w:json	0.000000
networking	w:kde	0.000000
networking	w:kernel	-0.000000
networking	w:keyboard	0.000000
networking	w:kio	0.000000
networking	w:kodi	0.000000
networking	w:kubernetes	0.000000
networking	w:language	-0.000000
networking	w:languages	0.000000
networking	w:laptop	0.000000
networking	w:libraries	0.000000
networking	w:library	-0.000000
networking	w:libreoffice	0.000000
networking	w:libretro	0.000000
networking	w:ligature	0.000000
networking	w:ligatures	0.000000
networking	w:lightweight	0.000000
networking	w:lilypond	0.000000
networking	w:line	0.000000
networking	w:linphone	0.000000
networking	w:linux	-0.000000
networking	w:lisp	0.000000
networking	w:lldb	0.000000
networking	w:llvm	0.000000
networking	w:lomiri	0.000000
networking	w:lua	0.000000
networking	w:lv2	0.000000
networking	w:lxqt	0.000000
networking	w:machine	0.504809
networking	w:make	0.000000
networking	w:makes	0.000000
networking	w:man	0.000000
networking	w:manage	0.000000
networking	w:management	0.000000
networking	w:manager	-0.000000
networking	w:many	0.000000
networking	w:markdown	0.000000
networking	w:menu	0.000000
networking	w:method	0.000000
networking	w:mimicking	0.000000
networking	w:minecraft	0.000000
networking	w:minimal	0.000000
networking	w:mobile	0.000000
networking	w:mod	0.000000
networking	w:mode	0.000000
networking	w:model	0.000000
networking	w:modern	0.000000
networking	w:module	1.438570
networking	w:monitor	0.000000
networking	w:monitoring	0.000000
networking	w:mono	0.000000
networking	w:monospace	0.000000
networking	w:mopidy	0.000000
networking	w:multitran	0.000000
networking	w:music	0.000000
networking	w:native	0.000000
networking	w:neovim	0.000000
networking	w:nerd	-0.000000
networking	w:net	0.000000
networking	w:network	0.000000
networking	w:networking	0.504809
networking	w:new	0.471254
networking	w:nix	0.000000
networking	w:normal	0.000000
networking	w:notification	0.471254
networking	w:notifications	0.000000
networking	w:nvidia	0.000000
networking	w:obs	0.000000
networking	w:obtain	0.000000
networking	w:ocaml	0.277023
networking	w:official	0.000000
networking	w:one	0.000000
networking	w:open	-0.000000
networking	w:open-source	0.000000
networking	w:openjdk	0.000000
networking	w:optimization	0.000000
networking	w:original	0.000000
networking	w:package	0.000000
networking	w:page	0.000000
networking	w:pages	0.000000
networking	w:panel	0.000000
networking	w:pantheon	0.000000
networking	w:parser	0.000000
networking	w:pass	0.000000
networking	w:password	0.000000
networking	w:passwords	0.000000
networking	w:php	0.000000
networking	w:pim	0.000000
networking	w:plasma	-0.000000
networking	w:platform	0.000000
networking	w:player	0.000000
networking	w:playing	0.000000
networking	w:plug	0.000000
networking	w:plugin	-0.025516
networking	w:plugins	0.000000
networking	w:port	0.000000
networking	w:postgresql	0.000000
networking	w:power	0.000000
networking	w:powerful	0.000000
networking	w:printer	0.000000
networking	w:process	0.443302
networking	w:program	0.000000
networking	w:programming	-0.000000
networking	w:programs	0.000000
networking	w:project	0.000000
networking	w:protocol	0.931893
networking	w:provides	0.000000
networking	w:providing	0.000000
networking	w:puzzle	0.000000
networking	w:python	0.000000
networking	w:qml	0.000000
networking	w:quake	0.000000
networking	w:quickly	0.000000
networking	w:re-imagination	0.000000
networking	w:real-time	0.000000
networking	w:realtek	0.000000
networking	w:red	0.000000
networking	w:release	0.000000
networking	w:round	0.000000
networking	w:running	0.000000
networking	w:runtime	0.000000
networking	w:rust	0.000000
networking	w:scalable	0.000000
networking	w:scheme	0.000000
networking	w:script	0.667806
networking	w:scripts	0.000000
networking	w:sdk	0.000000
networking	w:search	0.000000
networking	w:security	0.000000
networking	w:server	-0.000000
networking	w:service	0.687050
networking	w:session	0.000000
networking	w:set	0.000000
networking	w:settings	0.687050
networking	w:shell	-0.000000
networking	w:simple	0.000000
networking	w:single	0.000000
networking	w:skk	0.000000
networking	w:small	0.000000
networking	w:software	0.320716
networking	w:some	0.000000
networking	w:sound	0.000000
networking	w:source	-0.000000
networking	w:ssh	2.803484
networking	w:standard	0.000000
networking	w:state	0.000000
networking	w:status	0.000000
networking	w:studio	0.000000
networking	w:style	0.000000
networking	w:suite	0.000000
networking	w:support	0.130431
networking	w:supporting	0.000000
networking	w:swift	0.000000
networking	w:switchboard	0.000000
networking	w:syntax	0.000000
networking	w:system	0.138887
networking	w:systems	0.000000
networking	w:terminal	0.000000
networking	w:test	0.000000
networking	w:text	0.000000
networking	w:theme	0.000000
networking	w:through	0.443302
networking	w:time	0.000000
networking	w:tiny	0.000000
networking	w:tmux	0.000000
networking	w:tool	0.107249
networking	w:toolchain	0.000000
networking	w:tools	0.000000
networking	w:top	0.000000
networking	w:touch	0.000000
networking	w:translatelocally	0.000000
networking	w:tree	0.000000
networking	w:typing	0.000000
networking	w:ubuntu	0.000000
networking	w:unhinted	0.000000
networking	w:unicode	0.000000
networking	w:useful	0.000000
networking	w:user	0.000000
networking	w:uses	0.000000
networking	w:utilities	0.000000
networking	w:utility	0.000000
networking	w:values	0.000000
networking	w:variant	0.000000
networking	w:various	0.000000
networking	w:vdr	0.000000
networking	w:version	0.000000
networking	w:video	0.000000
networking	w:view	0.000000
networking	w:viewer	0.000000
networking	w:vim	0.000000
networking	w:virtual	0.000000
networking	w:visual	0.000000
networking	w:wayland	0.000000
networking	w:web	0.213389
networking	w:weechat	0.000000
networking	w:width	0.000000
networking	w:window	0.000000
networking	w:windows	0.000000
networking	w:wingpanel	0.000000
networking	w:work	0.000000
networking	w:working	0.000000
networking	w:wrapper	0.000000
networking	w:written	0.347661
networking	w:x86	0.000000
networking	w:yamagi	0.000000
networking	w:znc	3.176745
printing	builder:buildDotnetModule	0.000000
printing	builder:buildDunePackage	0.000000
printing	builder:buildEnv	0.000000
printing	builder:buildFHSEnv	0.000000
printing	builder:buildGoModule	0.000000
printing	builder:buildHomeAssistantComponent	0.000000
printing	builder:buildKodiAddon	0.000000
printing	builder:buildNpmPackage	0.000000
printing	builder:buildPythonApplication	0.000000
printing	builder:buildPythonPackage	0.000000
printing	builder:fetchurl	2.014569
printing	builder:fetchzip	0.104162
printing	builder:mkDerivation	0.000000
printing	builder:runCommand	-0.000000
printing	builder:rustPlatform.buildRustPackage	0.000000
printing	builder:stdenv.mkDerivation	2.667982
printing	builder:stdenvNoCC.mkDerivation	-0.000000
printing	builder:symlinkJoin	0.000000
printing	builder:vimUtils.buildVimPlugin	0.000000
printing	desktop:true	0.000000
printing	gui:gtk3	-0.000000
printing	gui:gtk4	0.000000
printing	gui:wrapGAppsHook3	0.000000
printing	gui:wrapGAppsHook4	0.000000
printing	gui:wrapQtAppsHook	-0.000000
printing	has:mainProgram	-0.261568
printing	host:brother.com	6.772805
printing	host:buildbot.net	0.000000
printing	host:ctan.org	0.000000
printing	host:developer.android.com	0.000000
printing	host:dotnet.github.io	0.000000
printing	host:eclipse.org	0.000000
printing	host:enlightenment.org	0.000000
printing	host:extensions.gnome.org	0.000000
printing	host:ftp.gnu.org	0.000000
printing	host:gitlab.linphone.org	0.000000
printing	host:gnu.org	0.000000
printing	host:grafana.com	0.000000
printing	host:invent.kde.org	-0.000000
printing	host:jetbrains.com	0.000000
printing	host:kernel.org	0.000000
printing	host:lilypond.org	0.000000
printing	host:multitran.sourceforge.net	0.000000
printing	host:nerdfonts.com	0.000000
printing	host:open-music-kontrollers.ch	0.000000
printing	host:opensource.apple.com	0.000000
printing	host:optifine.net	0.000000
printing	host:pagure.io	0.000000
printing	host:translatelocally.com	0.000000
printing	host:web.archive.org	0.000000
printing	host:wiki.call-cc.org	0.000000
printing	host:wiki.documentfoundation.org	0.000000
printing	license:AGPL-3.0-only	0.000000
printing	license:APSL-1.0	0.000000
printing	license:APSL-2.0	0.000000
printing	license:Apache-2.0	-0.000000
printing	license:Artistic-2.0	0.000000
printing	license:BSD-2-Clause	-0.000000
printing	license:BSD-3-Clause	-0.000000
printing	license:BSL-1.0	0.000000
printing	license:CC-BY-4.0	0.000000
printing	license:CC-BY-SA-3.0	0.000000
printing	license:CC-BY-SA-4.0	0.000000
printing	license:CC0-1.0	-0.000000
printing	license:Classpath-exception-2.0	0.000000
printing	license:EPL-1.0	0.000000
printing	license:FSFAP	0.000000
printing	license:GPL-2.0	0.000000
printing	license:GPL-2.0-only	-0.000000
printing	license:GPL-2.0-or-later	-0.145597
printing	license:GPL-3.0	0.000000
printing	license:GPL-3.0-only	-0.006954
printing	license:GPL-3.0-or-later	-0.000000
printing	license:ISC	0.000000
printing	license:LGPL-2.0-only	-0.000000
printing	license:LGPL-2.0-or-later	-0.000000
printing	license:LGPL-2.1	0.000000
printing	license:LGPL-2.1-only	-0.000000
printing	license:LGPL-2.1-or-later	-0.000000
printing	license:LGPL-3.0-only	-0.000000
printing	license:LGPL-3.0-or-later	-0.000000
printing	license:LPPL-1.3c	0.000000
printing	license:MIT	-0.000000
printing	license:MPL-2.0	0.000000
printing	license:OFL-1.1	-0.000000
printing	license:PostgreSQL	0.000000
printing	license:Unlicense	0.000000
printing	license:free	0.000000
printing	license:publicDomain	0.000000
printing	license:unfree	3.401057
printing	license:unfreeRedistributable	0.440226
printing	name:prefix:kde-	0.000000
printing	name:prefix:lib	0.000000
printing	name:suffix-bin	0.000000
printing	name:suffix-driver	0.582098
printing	name:suffix-server	0.000000
printing	name:suffix-theme	0.000000
printing	name:suffix-tools	0.000000
printing	svc:true	-0.000000
printing	w:about	0.000000
printing	w:access	0.000000
printing	w:addon	0.000000
printing	w:adds	0.000000
printing	w:advanced	0.000000
printing	w:agent	0.000000
printing	w:akonadi	0.000000
printing	w:alert	0.000000
printing	w:allows	0.000000
printing	w:also	0.582098
printing	w:alternative	0.000000
printing	w:amd	0.000000
printing	w:analysis	0.000000
printing	w:android	0.000000
printing	w:api	0.000000
printing	w:app	0.000000
printing	w:application	0.000000
printing	w:applications	0.000000
printing	w:apps	0.000000
printing	w:around	0.000000
printing	w:aspell	0.000000
printing	w:assist	0.000000
printing	w:assistant	0.000000
printing	w:audio	0.000000
printing	w:base	0.000000
printing	w:berkeley	0.000000
printing	w:between	0.000000
printing	w:binary	0.000000
printing	w:bluetooth	0.000000
printing	w:brother	6.772805
printing	w:browser	0.000000
printing	w:build	0.000000
printing	w:buildbot	0.000000
printing	w:building	0.000000
printing	w:built	0.000000
printing	w:but	0.000000
printing	w:c++	0.000000
printing	w:calculator	0.000000
printing	w:calendar	0.000000
printing	w:capture	0.000000
printing	w:cards	0.000000
printing	w:channel	0.000000
printing	w:characters	0.000000
printing	w:check	0.000000
printing	w:chicken	0.000000
printing	w:clang	0.000000
printing	w:clean	0.000000
printing	w:client	0.000000
printing	w:clients	0.000000
printing	w:cloud	0.000000
printing	w:code	0.244328
printing	w:collection	0.000000
printing	w:color	0.000000
printing	w:command	0.000000
printing	w:commands	0.000000
printing	w:common	0.000000
printing	w:compiler	0.000000
printing	w:component	0.000000
printing	w:components	0.000000
printing	w:condensed	0.000000
printing	w:configuration	0.000000
printing	w:connect	0.000000
printing	w:conquer	0.000000
printing	w:console	0.000000
printing	w:control	0.000000
printing	w:controller	0.000000
printing	w:controlling	0.000000
printing	w:core	0.000000
printing	w:corner	0.000000
printing	w:create	0.000000
printing	w:custom	0.000000
printing	w:customizable	0.000000
printing	w:daemon	0.000000
printing	w:darwin	0.000000
printing	w:data	0.000000
printing	w:database	0.000000
printing	w:deadbeef	0.000000
printing	w:designed	0.000000
printing	w:desktop	0.000000
printing	w:developers	0.000000
printing	w:development	0.000000
printing	w:device	0.000000
printing	w:devices	0.000000
printing	w:dictionary	-0.000000
printing	w:disk	0.000000
printing	w:display	0.000000
printing	w:displays	0.000000
printing	w:distributed	0.000000
printing	w:distribution	0.000000
printing	w:documentation	0.000000
printing	w:documents	0.000000
printing	w:dotted	0.000000
printing	w:driver	3.430638
printing	w:drivers	1.234879
printing	w:easy	0.000000
printing	w:eclipse	0.000000
printing	w:editor	0.000000
printing	w:efficient	0.000000
printing	w:elementary	0.000000
printing	w:elm	0.000000
printing	w:embedded	0.000000
printing	w:emulator	0.000000
printing	w:engine	0.000000
printing	w:english	0.000000
printing	w:environment	0.000000
printing	w:extensible	0.000000
printing	w:extension	-0.000000
printing	w:fast	0.000000
printing	w:features	0.000000
printing	w:file	0.000000
printing	w:files	0.000000
printing	w:firefox	0.000000
printing	w:firmware	0.520593
printing	w:fish	0.000000
printing	w:flexible	0.000000
printing	w:font	-0.000000
printing	w:fonts	0.000000
printing	w:fork	0.000000
printing	w:format	0.000000
printing	w:framework	0.000000
printing	w:free	0.000000
printing	w:freshrss	0.000000
printing	w:functionality	0.000000
printing	w:functions	0.000000
printing	w:game	-0.000000
printing	w:games	0.000000
printing	w:generator	0.000000
printing	w:ghidra	0.000000
printing	w:gnome	0.000000
printing	w:gnu	0.000000
printing	w:google	0.000000
printing	w:grafana	0.000000
printing	w:gui	0.000000
printing	w:handling	0.000000
printing	w:hardware	0.000000
printing	w:hashes	0.000000
printing	w:helm	0.000000
printing	w:high	0.000000
printing	w:high-performance	0.000000
printing	w:highlighting	0.000000
printing	w:home	0.000000
printing	w:http	0.000000
printing	w:hyphen	0.000000
printing	w:hyprland	0.000000
printing	w:ibus	0.000000
printing	w:ide	-0.000000
printing	w:image	0.000000
printing	w:implementation	0.000000
printing	w:including	0.000000
printing	w:indian	0.000000
printing	w:indicator	0.000000
printing	w:information	0.000000
printing	w:injection	0.000000
printing	w:input	0.000000
printing	w:install	0.000000
printing	w:integrate	0.000000
printing	w:integrates	0.000000
printing	w:integration	0.000000
printing	w:intel	0.000000
printing	w:interface	0.000000
printing	w:iosevka	0.000000
printing	w:jack	0.000000
printing	w:java	0.000000
printing	w:javascript	0.000000
printing	w:jetbrains	0.000000
printing	w:json	0.000000
printing	w:kde	0.000000
printing	w:kernel	0.000000
printing	w:keyboard	0.000000
printing	w:kio	0.000000
printing	w:kodi	0.000000
printing	w:kubernetes	0.000000
printing	w:language	-0.000000
printing	w:languages	0.000000
printing	w:laptop	0.000000
printing	w:libraries	0.000000
printing	w:library	-0.000000
printing	w:libreoffice	0.000000
printing	w:libretro	0.000000
printing	w:ligature	0.000000
printing	w:ligatures	0.000000
printing	w:lightweight	0.000000
printing	w:lilypond	0.000000
printing	w:line	0.000000
printing	w:linphone	0.000000
printing	w:linux	0.174023
printing	w:lisp	0.000000
printing	w:lldb	0.000000
printing	w:llvm	0.000000
printing	w:lomiri	0.000000
printing	w:lua	0.000000
printing	w:lv2	0.000000
printing	w:lxqt	0.000000
printing	w:machine	0.000000
printing	w:make	0.000000
printing	w:makes	0.000000
printing	w:man	0.000000
printing	w:manage	0.000000
printing	w:management	0.000000
printing	w:manager	0.000000
printing	w:many	0.000000
printing	w:markdown	0.000000
printing	w:menu	0.000000
printing	w:method	0.000000
printing	w:mimicking	0.000000
printing	w:minecraft	0.000000
printing	w:minimal	0.000000
printing	w:mobile	0.000000
printing	w:mod	0.000000
printing	w:mode	0.000000
printing	w:model	0.000000
printing	w:modern	0.000000
printing	w:module	0.000000
printing	w:monitor	0.000000
printing	w:monitoring	0.000000
printing	w:mono	0.000000
printing	w:monospace	0.000000
printing	w:mopidy	0.000000
printing	w:multitran	0.000000
printing	w:music	0.000000
printing	w:native	0.000000
printing	w:neovim	0.000000
printing	w:nerd	0.000000
printing	w:net	0.000000
printing	w:network	0.000000
printing	w:networking	0.000000
printing	w:new	0.000000
printing	w:nix	0.000000
printing	w:normal	0.000000
printing	w:notification	0.000000
printing	w:notifications	0.000000
printing	w:nvidia	0.000000
printing	w:obs	0.000000
printing	w:obtain	0.000000
printing	w:ocaml	0.000000
printing	w:official	0.000000
printing	w:one	0.000000
printing	w:open	-0.000000
printing	w:open-source	0.000000
printing	w:openjdk	0.000000
printing	w:optimization	0.000000
printing	w:original	0.000000
printing	w:package	0.000000
printing	w:page	0.000000
printing	w:pages	0.000000
printing	w:panel	0.000000
printing	w:pantheon	0.000000
printing	w:parser	0.000000
printing	w:pass	0.000000
printing	w:password	0.000000
printing	w:passwords	0.000000
printing	w:php	0.000000
printing	w:pim	0.000000
printing	w:plasma	0.000000
printing	w:platform	0.000000
printing	w:player	0.000000
printing	w:playing	0.000000
printing	w:plug	0.000000
printing	w:plugin	-0.000000
printing	w:plugins	0.000000
printing	w:port	0.000000
printing	w:postgresql	0.000000
printing	w:power	0.000000
printing	w:powerful	0.000000
printing	w:printer	5.671584
printing	w:process	0.000000
printing	w:program	0.000000
printing	w:programming	0.000000
printing	w:programs	0.000000
printing	w:project	0.000000
printing	w:protocol	0.000000
printing	w:provides	0.000000
printing	w:providing	0.000000
printing	w:puzzle	0.000000
printing	w:python	0.000000
printing	w:qml	0.000000
printing	w:quake	0.000000
printing	w:quickly	0.000000
printing	w:re-imagination	0.000000
printing	w:real-time	0.000000
printing	w:realtek	0.000000
printing	w:red	0.000000
printing	w:release	0.000000
printing	w:round	0.000000
printing	w:running	0.000000
printing	w:runtime	0.000000
printing	w:rust	0.000000
printing	w:scalable	0.000000
printing	w:scheme	0.000000
printing	w:script	0.000000
printing	w:scripts	0.000000
printing	w:sdk	0.000000
printing	w:search	0.000000
printing	w:security	0.000000
printing	w:server	0.000000
printing	w:service	0.000000
printing	w:session	0.000000
printing	w:set	0.000000
printing	w:settings	0.000000
printing	w:shell	0.000000
printing	w:simple	0.000000
printing	w:single	0.000000
printing	w:skk	0.000000
printing	w:small	0.000000
printing	w:software	0.000000
printing	w:some	0.000000
printing	w:sound	0.000000
printing	w:source	0.101854
printing	w:ssh	0.000000
printing	w:standard	0.000000
printing	w:state	0.000000
printing	w:status	0.000000
printing	w:studio	0.000000
printing	w:style	0.000000
printing	w:suite	0.000000
printing	w:support	0.000000
printing	w:supporting	0.000000
printing	w:swift	0.000000
printing	w:switchboard	0.000000
printing	w:syntax	0.000000
printing	w:system	0.000000
printing	w:systems	0.000000
printing	w:terminal	0.000000
printing	w:test	0.000000
printing	w:text	0.000000
printing	w:theme	0.000000
printing	w:through	0.000000
printing	w:time	0.000000
printing	w:tiny	0.000000
printing	w:tmux	0.000000
printing	w:tool	-0.000000
printing	w:toolchain	0.000000
printing	w:tools	0.000000
printing	w:top	0.000000
printing	w:touch	0.000000
printing	w:translatelocally	0.000000
printing	w:tree	0.000000
printing	w:typing	0.000000
printing	w:ubuntu	0.000000
printing	w:unhinted	0.000000
printing	w:unicode	0.000000
printing	w:useful	0.000000
printing	w:user	0.000000
printing	w:uses	0.000000
printing	w:utilities	0.000000
printing	w:utility	0.000000
printing	w:values	0.000000
printing	w:variant	0.000000
printing	w:various	0.000000
printing	w:vdr	0.000000
printing	w:version	0.000000
printing	w:video	0.000000
printing	w:view	0.000000
printing	w:viewer	0.000000
printing	w:vim	0.000000
printing	w:virtual	0.000000
printing	w:visual	0.000000
printing	w:wayland	0.000000
printing	w:web	0.000000
printing	w:weechat	0.000000
printing	w:width	0.000000
printing	w:window	0.000000
printing	w:windows	0.000000
printing	w:wingpanel	0.000000
printing	w:work	0.582098
printing	w:working	0.000000
printing	w:wrapper	1.054727
printing	w:written	0.000000
printing	w:x86	0.000000
printing	w:yamagi	0.000000
printing	w:znc	0.000000
security	builder:buildDotnetModule	0.000000
security	builder:buildDunePackage	0.000000
security	builder:buildEnv	0.195715
security	builder:buildFHSEnv	0.000000
security	builder:buildGoModule	0.125617
security	builder:buildHomeAssistantComponent	0.000000
security	builder:buildKodiAddon	0.000000
security	builder:buildNpmPackage	0.302148
security	builder:buildPythonApplication	0.456414
security	builder:buildPythonPackage	0.000000
security	builder:fetchurl	-0.212464
security	builder:fetchzip	-0.004705
security	builder:mkDerivation	-0.000000
security	builder:runCommand	-0.000000
security	builder:rustPlatform.buildRustPackage	0.000000
security	builder:stdenv.mkDerivation	0.300633
security	builder:stdenvNoCC.mkDerivation	-0.000000
security	builder:symlinkJoin	0.000000
security	builder:vimUtils.buildVimPlugin	0.000000
security	desktop:true	0.145990
security	gui:gtk3	0.028283
security	gui:gtk4	-0.000000
security	gui:wrapGAppsHook3	0.103093
security	gui:wrapGAppsHook4	0.000000
security	gui:wrapQtAppsHook	-0.000000
security	has:mainProgram	0.382432
security	host:brother.com	0.000000
security	host:buildbot.net	0.000000
security	host:ctan.org	0.000000
security	host:developer.android.com	0.000000
security	host:dotnet.github.io	0.000000
security	host:eclipse.org	0.000000
security	host:enlightenment.org	0.000000
security	host:extensions.gnome.org	0.000000
security	host:ftp.gnu.org	0.000000
security	host:gitlab.linphone.org	0.000000
security	host:gnu.org	0.000000
security	host:grafana.com	0.000000
security	host:invent.kde.org	-0.000000
security	host:jetbrains.com	0.000000
security	host:kernel.org	0.000000
security	host:lilypond.org	0.000000
security	host:multitran.sourceforge.net	0.000000
security	host:nerdfonts.com	0.000000
security	host:open-music-kontrollers.ch	0.000000
security	host:opensource.apple.com	0.000000
security	host:optifine.net	0.000000
security	host:pagure.io	0.000000
security	host:translatelocally.com	0.000000
security	host:web.archive.org	0.000000
security	host:wiki.call-cc.org	0.000000
security	host:wiki.documentfoundation.org	0.000000
security	license:AGPL-3.0-only	0.000000
security	license:APSL-1.0	0.000000
security	license:APSL-2.0	0.000000
security	license:Apache-2.0	0.732968
security	license:Artistic-2.0	0.000000
security	license:BSD-2-Clause	-0.000000
security	license:BSD-3-Clause	-0.224967
security	license:BSL-1.0	0.000000
security	license:CC-BY-4.0	0.000000
security	license:CC-BY-SA-3.0	0.000000
security	license:CC-BY-SA-4.0	-0.000000
security	license:CC0-1.0	-0.216381
security	license:Classpath-exception-2.0	0.000000
security	license:EPL-1.0	0.000000
security	license:FSFAP	0.000000
security	license:GPL-2.0	-0.000000
security	license:GPL-2.0-only	-0.094019
security	license:GPL-2.0-or-later	-0.225886
security	license:GPL-3.0	0.626701
security	license:GPL-3.0-only	0.237437
security	license:GPL-3.0-or-later	0.685869
security	license:ISC	0.000000
security	license:LGPL-2.0-only	-0.000000
security	license:LGPL-2.0-or-later	-0.000000
security	license:LGPL-2.1	0.000000
security	license:LGPL-2.1-only	-0.000000
security	license:LGPL-2.1-or-later	-0.000000
security	license:LGPL-3.0-only	-0.000000
security	license:LGPL-3.0-or-later	-0.000000
security	license:LPPL-1.3c	0.000000
security	license:MIT	-0.251873
security	license:MPL-2.0	-0.000000
security	license:OFL-1.1	-0.000000
security	license:PostgreSQL	0.000000
security	license:Unlicense	0.000000
security	license:free	0.000000
security	license:publicDomain	0.000000
security	license:unfree	-0.000000
security	license:unfreeRedistributable	0.000000
security	name:prefix:kde-	0.000000
security	name:prefix:lib	0.094833
security	name:suffix-bin	0.218812
security	name:suffix-driver	0.000000
security	name:suffix-server	0.000000
security	name:suffix-theme	0.000000
security	name:suffix-tools	0.000000
security	svc:true	-0.102565
security	w:about	0.000000
security	w:access	0.000000
security	w:addon	0.000000
security	w:adds	0.000000
security	w:advanced	0.000000
security	w:agent	0.000000
security	w:akonadi	0.000000
security	w:alert	0.000000
security	w:allows	0.593689
security	w:also	0.000000
security	w:alternative	0.000000
security	w:amd	0.000000
security	w:analysis	1.216699
security	w:android	0.000000
security	w:api	0.411799
security	w:app	0.000000
security	w:application	-0.000000
security	w:applications	0.000000
security	w:apps	0.000000
security	w:around	0.000000
security	w:aspell	0.000000
security	w:assist	0.000000
security	w:assistant	0.000000
security	w:audio	0.000000
security	w:base	0.000000
security	w:berkeley	0.000000
security	w:between	0.473306
security	w:binary	0.366867
security	w:bluetooth	0.000000
security	w:brother	0.000000
security	w:browser	0.000000
security	w:build	0.000000
security	w:buildbot	0.000000
security	w:building	0.000000
security	w:built	0.000000
security	w:but	0.000000
security	w:c++	0.000000
security	w:calculator	0.000000
security	w:calendar	0.000000
security	w:capture	0.000000
security	w:cards	0.000000
security	w:channel	0.000000
security	w:characters	0.000000
security	w:check	0.348219
security	w:chicken	0.000000
security	w:clang	0.000000
security	w:clean	0.000000
security	w:client	0.125617
security	w:clients	0.000000
security	w:cloud	0.000000
security	w:code	-0.000000
security	w:collection	0.000000
security	w:color	0.000000
security	w:command	-0.000000
security	w:commands	0.000000
security	w:common	0.000000
security	w:compiler	0.000000
security	w:component	0.000000
security	w:components	0.000000
security	w:condensed	0.000000
security	w:configuration	0.000000
security	w:connect	0.000000
security	w:conquer	0.000000
security	w:console	0.000000
security	w:control	0.000000
security	w:controller	0.000000
security	w:controlling	0.000000
security	w:core	0.000000
security	w:corner	0.000000
security	w:create	0.000000
security	w:custom	0.000000
security	w:customizable	0.000000
security	w:daemon	0.000000
security	w:darwin	0.000000
security	w:data	0.188658
security	w:database	0.000000
security	w:deadbeef	0.000000
security	w:designed	0.000000
security	w:desktop	-0.000000
security	w:developers	0.000000
security	w:development	0.000000
security	w:device	0.000000
security	w:devices	0.000000
security	w:dictionary	-0.000000
security	w:disk	0.000000
security	w:display	0.000000
security	w:displays	0.000000
security	w:distributed	0.000000
security	w:distribution	0.000000
security	w:documentation	0.000000
security	w:documents	0.000000
security	w:dotted	0.000000
security	w:driver	-0.000000
security	w:drivers	0.000000
security	w:easy	0.302148
security	w:eclipse	0.000000
security	w:editor	0.000000
security	w:efficient	0.000000
security	w:elementary	0.000000
security	w:elm	0.000000
security	w:embedded	0.000000
security	w:emulator	0.000000
security	w:engine	0.000000
security	w:english	0.000000
security	w:environment	0.000000
security	w:extensible	0.000000
security	w:extension	1.615538
security	w:fast	0.000000
security	w:features	0.348219
security	w:file	0.000000
security	w:files	0.456414
security	w:firefox	0.000000
security	w:firmware	0.411799
security	w:fish	0.000000
security	w:flexible	0.000000
security	w:font	-0.000000
security	w:fonts	-0.000000
security	w:fork	0.000000
security	w:format	0.000000
security	w:framework	0.265964
security	w:free	-0.000000
security	w:freshrss	0.000000
security	w:functionality	0.000000
security	w:functions	0.000000
security	w:game	-0.000000
security	w:games	0.000000
security	w:generator	0.000000
security	w:ghidra	4.011308
security	w:gnome	0.000000
security	w:gnu	0.651594
security	w:google	0.000000
security	w:grafana	0.000000
security	w:gui	0.387838
security	w:handling	0.000000
security	w:hardware	0.000000
security	w:hashes	0.000000
security	w:helm	0.000000
security	w:high	0.000000
security	w:high-performance	0.000000
security	w:highlighting	0.000000
security	w:home	0.000000
security	w:http	0.000000
security	w:hyphen	0.000000
security	w:hyprland	0.000000
security	w:ibus	0.000000
security	w:ide	-0.000000
security	w:image	0.000000
security	w:implementation	0.585651
security	w:including	0.000000
security	w:indian	0.000000
security	w:indicator	0.000000
security	w:information	0.000000
security	w:injection	0.000000
security	w:input	0.000000
security	w:install	0.000000
security	w:integrate	0.000000
security	w:integrates	0.000000
security	w:integration	0.000000
security	w:intel	0.000000
security	w:interface	0.000000
security	w:iosevka	0.000000
security	w:jack	0.000000
security	w:java	0.331428
security	w:javascript	0.000000
security	w:jetbrains	0.000000
security	w:json	0.000000
security	w:kde	-0.000000
security	w:kernel	-0.000000
security	w:keyboard	0.000000
security	w:kio	0.000000
security	w:kodi	0.000000
security	w:kubernetes	0.000000
security	w:language	-0.000000
security	w:languages	0.000000
security	w:laptop	0.000000
security	w:libraries	0.000000
security	w:library	-0.000000
security	w:libreoffice	0.000000
security	w:libretro	0.000000
security	w:ligature	0.000000
security	w:ligatures	0.000000
security	w:lightweight	0.000000
security	w:lilypond	0.000000
security	w:line	-0.000000
security	w:linphone	0.000000
security	w:linux	0.065183
security	w:lisp	0.000000
security	w:lldb	0.000000
security	w:llvm	0.000000
security	w:lomiri	0.000000
security	w:lua	0.000000
security	w:lv2	0.000000
security	w:lxqt	0.000000
security	w:machine	0.000000
security	w:make	0.411799
security	w:makes	0.000000
security	w:man	0.000000
security	w:manage	0.000000
security	w:management	0.000000
security	w:manager	-0.000000
security	w:many	0.000000
security	w:markdown	0.000000
security	w:menu	0.000000
security	w:method	0.000000
security	w:mimicking	0.000000
security	w:minecraft	0.000000
security	w:minimal	0.000000
security	w:mobile	0.000000
security	w:mod	0.000000
security	w:mode	0.000000
security	w:model	0.000000
security	w:modern	0.909662
security	w:module	-0.000000
security	w:monitor	0.000000
security	w:monitoring	0.000000
security	w:mono	0.000000
security	w:monospace	0.000000
security	w:mopidy	0.000000
security	w:multitran	0.000000
security	w:music	0.000000
security	w:native	0.000000
security	w:neovim	0.000000
security	w:nerd	-0.000000
security	w:net	0.000000
security	w:network	0.000000
security	w:networking	0.000000
security	w:new	0.000000
security	w:nix	0.000000
security	w:normal	0.000000
security	w:notification	0.000000
security	w:notifications	0.000000
security	w:nvidia	0.000000
security	w:obs	0.000000
security	w:obtain	0.000000
security	w:ocaml	0.000000
security	w:official	0.411799
security	w:one	0.000000
security	w:open	-0.000000
security	w:open-source	0.000000
security	w:openjdk	0.000000
security	w:optimization	0.000000
security	w:original	0.000000
security	w:package	0.000000
security	w:page	0.000000
security	w:pages	0.000000
security	w:panel	0.000000
security	w:pantheon	0.000000
security	w:parser	0.000000
security	w:pass	2.981732
security	w:password	1.629917
security	w:passwords	2.059912
security	w:php	0.000000
security	w:pim	0.000000
security	w:plasma	-0.000000
security	w:platform	0.000000
security	w:player	0.000000
security	w:playing	0.000000
security	w:plug	0.000000
security	w:plugin	-0.057056
security	w:plugins	0.000000
security	w:port	0.000000
security	w:postgresql	0.000000
security	w:power	0.000000
security	w:powerful	0.000000
security	w:printer	0.000000
security	w:process	0.411799
security	w:program	0.000000
security	w:programming	-0.000000
security	w:programs	0.000000
security	w:project	0.000000
security	w:protocol	0.000000
security	w:provides	0.227258
security	w:providing	0.000000
security	w:puzzle	0.000000
security	w:python	0.000000
security	w:qml	0.000000
security	w:quake	0.000000
security	w:quickly	0.000000
security	w:re-imagination	0.000000
security	w:real-time	0.000000
security	w:realtek	0.000000
security	w:red	0.000000
security	w:release	0.861744
security	w:round	0.000000
security	w:running	0.000000
security	w:runtime	0.000000
security	w:rust	0.000000
security	w:scalable	0.000000
security	w:scheme	0.000000
security	w:script	0.255433
security	w:scripts	0.348219
security	w:sdk	0.000000
security	w:search	0.000000
security	w:security	0.473306
security	w:server	-0.000000
security	w:service	0.000000
security	w:session	0.411799
security	w:set	0.000000
security	w:settings	0.000000
security	w:shell	-0.000000
security	w:simple	0.000000
security	w:single	0.000000
security	w:skk	0.000000
security	w:small	0.000000
security	w:software	0.673772
security	w:some	0.387838
security	w:sound	0.000000
security	w:source	-0.000000
security	w:ssh	0.000000
security	w:standard	0.000000
security	w:state	0.000000
security	w:status	0.000000
security	w:studio	0.000000
security	w:style	0.000000
security	w:suite	0.909662
security	w:support	0.098915
security	w:supporting	0.000000
security	w:swift	0.000000
security	w:switchboard	0.000000
security	w:syntax	0.000000
security	w:system	-0.000000
security	w:systems	0.000000
security	w:terminal	0.000000
security	w:test	0.000000
security	w:text	0.000000
security	w:theme	0.000000
security	w:through	0.000000
security	w:time	0.000000
security	w:tiny	0.000000
security	w:tmux	0.000000
security	w:tool	0.075730
security	w:toolchain	0.000000
security	w:tools	0.576687
security	w:top	0.000000
security	w:touch	0.000000
security	w:translatelocally	0.000000
security	w:tree	0.000000
security	w:typing	0.000000
security	w:ubuntu	0.000000
security	w:unhinted	0.000000
security	w:unicode	0.000000
security	w:useful	0.000000
security	w:user	0.000000
security	w:uses	0.000000
security	w:utilities	0.289211
security	w:utility	0.366867
security	w:values	0.000000
security	w:variant	0.000000
security	w:various	0.316156
security	w:vdr	0.000000
security	w:version	0.000000
security	w:video	0.000000
security	w:view	0.000000
security	w:viewer	0.000000
security	w:vim	0.000000
security	w:virtual	0.000000
security	w:visual	0.000000
security	w:wayland	0.000000
security	w:web	-0.000000
security	w:weechat	0.000000
security	w:width	0.000000
security	w:window	0.000000
security	w:windows	0.000000
security	w:wingpanel	0.000000
security	w:work	0.473306
security	w:working	0.000000
security	w:wrapper	-0.000000
security	w:written	0.000000
security	w:x86	0.000000
security	w:yamagi	0.000000
security	w:znc	0.000000
system	builder:buildDotnetModule	0.000000
system	builder:buildDunePackage	0.000000
system	builder:buildEnv	0.000000
system	builder:buildFHSEnv	0.000000
system	builder:buildGoModule	0.171547
system	builder:buildHomeAssistantComponent	0.000000
system	builder:buildKodiAddon	0.000000
system	builder:buildNpmPackage	0.000000
system	builder:buildPythonApplication	0.000000
system	builder:buildPythonPackage	0.000000
system	builder:fetchurl	-0.348851
system	builder:fetchzip	-0.000000
system	builder:mkDerivation	0.538280
system	builder:runCommand	-0.003920
system	builder:rustPlatform.buildRustPackage	0.000000
system	builder:stdenv.mkDerivation	-0.667434
system	builder:stdenvNoCC.mkDerivation	1.379373
system	builder:symlinkJoin	0.000000
system	builder:vimUtils.buildVimPlugin	0.000000
system	desktop:true	-0.000000
system	gui:gtk3	-0.000000
system	gui:gtk4	0.000000
system	gui:wrapGAppsHook3	-0.000000
system	gui:wrapGAppsHook4	0.000000
system	gui:wrapQtAppsHook	-0.000000
system	has:mainProgram	-0.375886
system	host:brother.com	0.000000
system	host:buildbot.net	0.000000
system	host:ctan.org	0.000000
system	host:developer.android.com	0.000000
system	host:dotnet.github.io	0.000000
system	host:eclipse.org	0.000000
system	host:enlightenment.org	0.000000
system	host:extensions.gnome.org	0.000000
system	host:ftp.gnu.org	0.000000
system	host:gitlab.linphone.org	0.000000
system	host:gnu.org	0.000000
system	host:grafana.com	0.000000
system	host:invent.kde.org	-0.000000
system	host:jetbrains.com	0.000000
system	host:kernel.org	0.000000
system	host:lilypond.org	0.000000
system	host:multitran.sourceforge.net	0.000000
system	host:nerdfonts.com	0.000000
system	host:open-music-kontrollers.ch	0.000000
system	host:opensource.apple.com	5.976056
system	host:optifine.net	0.000000
system	host:pagure.io	0.000000
system	host:translatelocally.com	0.000000
system	host:web.archive.org	0.000000
system	host:wiki.call-cc.org	0.000000
system	host:wiki.documentfoundation.org	0.000000
system	license:AGPL-3.0-only	0.000000
system	license:APSL-1.0	3.405101
system	license:APSL-2.0	4.885951
system	license:Apache-2.0	-0.000000
system	license:Artistic-2.0	0.000000
system	license:BSD-2-Clause	0.343825
system	license:BSD-3-Clause	0.086717
system	license:BSL-1.0	0.000000
system	license:CC-BY-4.0	0.000000
system	license:CC-BY-SA-3.0	0.000000
system	license:CC-BY-SA-4.0	-0.000000
system	license:CC0-1.0	-0.000000
system	license:Classpath-exception-2.0	0.000000
system	license:EPL-1.0	0.000000
system	license:FSFAP	0.000000
system	license:GPL-2.0	0.149026
system	license:GPL-2.0-only	-0.000000
system	license:GPL-2.0-or-later	-0.208649
system	license:GPL-3.0	0.162189
system	license:GPL-3.0-only	-0.069907
system	license:GPL-3.0-or-later	-0.110167
system	license:ISC	0.000000
system	license:LGPL-2.0-only	-0.000000
system	license:LGPL-2.0-or-later	-0.000000
system	license:LGPL-2.1	0.000000
system	license:LGPL-2.1-only	-0.000000
system	license:LGPL-2.1-or-later	0.009311
system	license:LGPL-3.0-only	-0.000000
system	license:LGPL-3.0-or-later	-0.000000
system	license:LPPL-1.3c	0.000000
system	license:MIT	-0.107121
system	license:MPL-2.0	-0.000000
system	license:OFL-1.1	-0.000000
system	license:PostgreSQL	0.000000
system	license:Unlicense	0.000000
system	license:free	0.000000
system	license:publicDomain	0.000000
system	license:unfree	-0.000000
system	license:unfreeRedistributable	0.000000
system	name:prefix:kde-	0.000000
system	name:prefix:lib	0.960685
system	name:suffix-bin	0.000000
system	name:suffix-driver	0.000000
system	name:suffix-server	0.000000
system	name:suffix-theme	0.000000
system	name:suffix-tools	0.000000
system	svc:true	-0.000000
system	w:about	0.000000
system	w:access	0.335130
system	w:addon	0.000000
system	w:adds	0.000000
system	w:advanced	0.519221
system	w:agent	0.000000
system	w:akonadi	0.000000
system	w:alert	0.000000
system	w:allows	0.000000
system	w:also	0.000000
system	w:alternative	0.000000
system	w:amd	0.433754
system	w:analysis	0.000000
system	w:android	0.000000
system	w:api	0.457714
system	w:app	0.000000
system	w:application	0.000000
system	w:applications	0.000000
system	w:apps	0.000000
system	w:around	0.000000
system	w:aspell	0.000000
system	w:assist	0.000000
system	w:assistant	0.000000
system	w:audio	0.000000
system	w:base	0.000000
system	w:berkeley	0.000000
system	w:between	0.000000
system	w:binary	0.000000
system	w:bluetooth	0.000000
system	w:brother	0.000000
system	w:browser	0.000000
system	w:build	0.000000
system	w:buildbot	0.000000
system	w:building	0.000000
system	w:built	0.000000
system	w:but	0.000000
system	w:c++	0.000000
system	w:calculator	0.000000
system	w:calendar	0.000000
system	w:capture	0.000000
system	w:cards	0.000000
system	w:channel	0.000000
system	w:characters	0.000000
system	w:check	0.000000
system	w:chicken	0.000000
system	w:clang	0.000000
system	w:clean	0.000000
system	w:client	-0.000000
system	w:clients	0.000000
system	w:cloud	0.000000
system	w:code	-0.000000
system	w:collection	0.000000
system	w:color	0.000000
system	w:command	0.171547
system	w:commands	2.937035
system	w:common	0.323110
system	w:compiler	0.000000
system	w:component	0.000000
system	w:components	0.000000
system	w:condensed	0.000000
system	w:configuration	0.000000
system	w:connect	0.000000
system	w:conquer	0.000000
system	w:console	0.000000
system	w:control	0.000000
system	w:controller	0.000000
system	w:controlling	0.000000
system	w:core	0.000000
system	w:corner	0.000000
system	w:create	0.000000
system	w:custom	0.000000
system	w:customizable	0.000000
system	w:daemon	0.000000
system	w:darwin	5.976056
system	w:data	0.234583
system	w:database	0.000000
system	w:deadbeef	0.000000
system	w:designed	0.000000
system	w:desktop	0.000000
system	w:developers	0.000000
system	w:development	0.000000
system	w:device	0.000000
system	w:devices	0.000000
system	w:dictionary	-0.000000
system	w:disk	0.000000
system	w:display	0.000000
system	w:displays	0.000000
system	w:distributed	0.000000
system	w:distribution	0.000000
system	w:documentation	0.000000
system	w:documents	0.000000
system	w:dotted	0.000000
system	w:driver	-0.000000
system	w:drivers	0.000000
system	w:easy	0.000000
system	w:eclipse	0.000000
system	w:editor	0.000000
system	w:efficient	0.000000
system	w:elementary	0.000000
system	w:elm	0.000000
system	w:embedded	0.000000
system	w:emulator	0.000000
system	w:engine	0.000000
system	w:english	0.000000
system	w:environment	0.000000
system	w:extensible	0.000000
system	w:extension	-0.000000
system	w:fast	0.000000
system	w:features	0.000000
system	w:file	0.282064
system	w:files	0.000000
system	w:firefox	0.000000
system	w:firmware	0.000000
system	w:fish	0.000000
system	w:flexible	0.000000
system	w:font	-0.000000
system	w:fonts	-0.000000
system	w:fork	0.000000
system	w:format	0.000000
system	w:framework	0.000000
system	w:free	0.000000
system	w:freshrss	0.000000
system	w:functionality	0.991510
system	w:functions	0.000000
system	w:game	-0.000000
system	w:games	0.000000
system	w:generator	0.000000
system	w:ghidra	0.000000
system	w:gnome	0.000000
system	w:gnu	0.000000
system	w:google	0.000000
system	w:grafana	0.000000
system	w:gui	0.000000
system	w:handling	0.000000
system	w:hardware	0.000000
system	w:hashes	0.000000
system	w:helm	0.000000
system	w:high	0.000000
system	w:high-performance	0.000000
system	w:highlighting	0.000000
system	w:home	0.000000
system	w:http	0.000000
system	w:hyphen	0.000000
system	w:hyprland	0.000000
system	w:ibus	0.000000
system	w:ide	-0.000000
system	w:image	0.000000
system	w:implementation	0.414412
system	w:including	0.000000
system	w:indian	0.000000
system	w:indicator	0.000000
system	w:information	0.000000
system	w:injection	0.000000
system	w:input	0.000000
system	w:install	0.000000
system	w:integrate	0.000000
system	w:integrates	0.000000
system	w:integration	0.000000
system	w:intel	0.394136
system	w:interface	0.000000
system	w:iosevka	0.000000
system	w:jack	0.000000
system	w:java	0.000000
system	w:javascript	0.000000
system	w:jetbrains	0.000000
system	w:json	0.000000
system	w:kde	0.000000
system	w:kernel	-0.000000
system	w:keyboard	0.000000
system	w:kio	0.000000
system	w:kodi	0.000000
system	w:kubernetes	0.000000
system	w:language	-0.000000
system	w:languages	0.000000
system	w:laptop	0.000000
system	w:libraries	0.000000
system	w:library	0.440258
system	w:libreoffice	0.000000
system	w:libretro	0.000000
system	w:ligature	0.000000
system	w:ligatures	0.000000
system	w:lightweight	0.000000
system	w:lilypond	0.000000
system	w:line	0.000000
system	w:linphone	0.000000
system	w:linux	-0.000000
system	w:lisp	0.000000
system	w:lldb	0.000000
system	w:llvm	0.000000
system	w:lomiri	0.000000
system	w:lua	0.000000
system	w:lv2	0.000000
system	w:lxqt	0.000000
system	w:machine	0.000000
system	w:make	0.000000
system	w:makes	0.000000
system	w:man	0.000000
system	w:manage	0.000000
system	w:management	0.000000
system	w:manager	-0.000000
system	w:many	0.000000
system	w:markdown	0.000000
system	w:menu	0.000000
system	w:method	0.000000
system	w:mimicking	0.000000
system	w:minecraft	0.000000
system	w:minimal	0.000000
system	w:mobile	0.000000
system	w:mod	0.000000
system	w:mode	0.000000
system	w:model	0.000000
system	w:modern	0.000000
system	w:module	-0.000000
system	w:monitor	0.457714
system	w:monitoring	0.000000
system	w:mono	0.000000
system	w:monospace	0.000000
system	w:mopidy	0.000000
system	w:multitran	0.000000
system	w:music	0.000000
system	w:native	0.000000
system	w:neovim	0.000000
system	w:nerd	-0.000000
system	w:net	0.000000
system	w:network	0.301354
system	w:networking	0.000000
system	w:new	0.000000
system	w:nix	0.000000
system	w:normal	0.000000
system	w:notification	0.000000
system	w:notifications	0.000000
system	w:nvidia	0.519221
system	w:obs	0.000000
system	w:obtain	0.000000
system	w:ocaml	0.000000
system	w:official	0.000000
system	w:one	0.000000
system	w:open	-0.000000
system	w:open-source	0.000000
system	w:openjdk	0.000000
system	w:optimization	0.000000
system	w:original	0.000000
system	w:package	1.054385
system	w:page	0.000000
system	w:pages	0.000000
system	w:panel	0.000000
system	w:pantheon	0.000000
system	w:parser	0.000000
system	w:pass	0.000000
system	w:password	0.000000
system	w:passwords	0.000000
system	w:php	0.000000
system	w:pim	0.000000
system	w:plasma	-0.000000
system	w:platform	0.000000
system	w:player	0.000000
system	w:playing	0.000000
system	w:plug	0.000000
system	w:plugin	-0.000000
system	w:plugins	0.000000
system	w:port	0.000000
system	w:postgresql	0.000000
system	w:power	0.000000
system	w:powerful	0.000000
system	w:printer	0.000000
system	w:process	0.000000
system	w:program	0.000000
system	w:programming	0.000000
system	w:programs	0.000000
system	w:project	0.000000
system	w:protocol	0.000000
system	w:provides	0.273180
system	w:providing	0.000000
system	w:puzzle	0.000000
system	w:python	0.000000
system	w:qml	0.000000
system	w:quake	0.000000
system	w:quickly	0.000000
system	w:re-imagination	0.000000
system	w:real-time	0.000000
system	w:realtek	0.000000
system	w:red	0.000000
system	w:release	0.000000
system	w:round	0.000000
system	w:running	0.000000
system	w:runtime	0.000000
system	w:rust	0.000000
system	w:scalable	0.000000
system	w:scheme	0.000000
system	w:script	0.000000
system	w:scripts	0.000000
system	w:sdk	0.457714
system	w:search	0.000000
system	w:security	0.000000
system	w:server	-0.000000
system	w:service	0.000000
system	w:session	0.000000
system	w:set	0.000000
system	w:settings	0.000000
system	w:shell	0.197406
system	w:simple	0.000000
system	w:single	0.000000
system	w:skk	0.000000
system	w:small	0.000000
system	w:software	0.000000
system	w:some	0.000000
system	w:sound	0.000000
system	w:source	-0.000000
system	w:ssh	0.000000
system	w:standard	0.000000
system	w:state	0.000000
system	w:status	0.000000
system	w:studio	0.000000
system	w:style	0.000000
system	w:suite	0.000000
system	w:support	0.144848
system	w:supporting	0.000000
system	w:swift	0.000000
system	w:switchboard	0.000000
system	w:syntax	0.000000
system	w:system	-0.000000
system	w:systems	0.000000
system	w:terminal	0.000000
system	w:test	0.000000
system	w:text	0.000000
system	w:theme	0.000000
system	w:through	0.000000
system	w:time	0.000000
system	w:tiny	0.000000
system	w:tmux	0.000000
system	w:tool	-0.000000
system	w:toolchain	0.000000
system	w:tools	0.282064
system	w:top	0.000000
system	w:touch	0.000000
system	w:translatelocally	0.000000
system	w:tree	0.000000
system	w:typing	0.000000
system	w:ubuntu	0.000000
system	w:unhinted	0.000000
system	w:unicode	0.000000
system	w:useful	0.000000
system	w:user	0.412784
system	w:uses	0.000000
system	w:utilities	0.000000
system	w:utility	0.000000
system	w:values	0.000000
system	w:variant	0.000000
system	w:various	0.000000
system	w:vdr	0.000000
system	w:version	0.000000
system	w:video	0.000000
system	w:view	0.000000
system	w:viewer	0.000000
system	w:vim	0.000000
system	w:virtual	0.000000
system	w:visual	0.000000
system	w:wayland	0.000000
system	w:web	0.000000
system	w:weechat	0.000000
system	w:width	0.000000
system	w:window	0.000000
system	w:windows	1.772443
system	w:wingpanel	0.000000
system	w:work	0.000000
system	w:working	0.000000
system	w:wrapper	0.000000
system	w:written	0.000000
system	w:x86	0.000000
system	w:yamagi	0.000000
system	w:znc	0.000000
terminal	builder:buildDotnetModule	0.000000
terminal	builder:buildDunePackage	0.000000
terminal	builder:buildEnv	-0.000000
terminal	builder:buildFHSEnv	0.000000
terminal	builder:buildGoModule	0.089342
terminal	builder:buildHomeAssistantComponent	0.000000
terminal	builder:buildKodiAddon	0.000000
terminal	builder:buildNpmPackage	0.000000
terminal	builder:buildPythonApplication	-0.000000
terminal	builder:buildPythonPackage	0.000000
terminal	builder:fetchurl	-0.495809
terminal	builder:fetchzip	-0.000000
terminal	builder:mkDerivation	2.870155
terminal	builder:runCommand	-0.000000
terminal	builder:rustPlatform.buildRustPackage	-0.000000
terminal	builder:stdenv.mkDerivation	-0.054657
terminal	builder:stdenvNoCC.mkDerivation	-0.000000
terminal	builder:symlinkJoin	-0.000000
terminal	builder:vimUtils.buildVimPlugin	0.000000
terminal	desktop:true	-0.000000
terminal	gui:gtk3	-0.000000
terminal	gui:gtk4	-0.000000
terminal	gui:wrapGAppsHook3	-0.000000
terminal	gui:wrapGAppsHook4	0.000000
terminal	gui:wrapQtAppsHook	-0.000000
terminal	has:mainProgram	-0.544146
terminal	host:brother.com	0.000000
terminal	host:buildbot.net	0.000000
terminal	host:ctan.org	0.000000
terminal	host:developer.android.com	0.000000
terminal	host:dotnet.github.io	0.000000
terminal	host:eclipse.org	0.000000
terminal	host:enlightenment.org	0.000000
terminal	host:extensions.gnome.org	-0.000000
terminal	host:ftp.gnu.org	0.000000
terminal	host:gitlab.linphone.org	0.000000
terminal	host:gnu.org	0.375539
terminal	host:grafana.com	0.000000
terminal	host:invent.kde.org	-0.000000
terminal	host:jetbrains.com	0.000000
terminal	host:kernel.org	0.000000
terminal	host:lilypond.org	0.000000
terminal	host:multitran.sourceforge.net	0.000000
terminal	host:nerdfonts.com	-0.000000
terminal	host:open-music-kontrollers.ch	0.000000
terminal	host:opensource.apple.com	0.000000
terminal	host:optifine.net	0.000000
terminal	host:pagure.io	0.000000
terminal	host:translatelocally.com	-0.000000
terminal	host:web.archive.org	0.000000
terminal	host:wiki.call-cc.org	-0.000000
terminal	host:wiki.documentfoundation.org	0.000000
terminal	license:AGPL-3.0-only	0.000000
terminal	license:APSL-1.0	0.000000
terminal	license:APSL-2.0	0.000000
terminal	license:Apache-2.0	-0.141492
terminal	license:Artistic-2.0	0.000000
terminal	license:BSD-2-Clause	-0.000000
terminal	license:BSD-3-Clause	-0.259331
terminal	license:BSL-1.0	0.000000
terminal	license:CC-BY-4.0	0.000000
terminal	license:CC-BY-SA-3.0	0.000000
terminal	license:CC-BY-SA-4.0	-0.000000
terminal	license:CC0-1.0	-0.000000
terminal	license:Classpath-exception-2.0	0.000000
terminal	license:EPL-1.0	0.000000
terminal	license:FSFAP	0.000000
terminal	license:GPL-2.0	-0.000000
terminal	license:GPL-2.0-only	-0.000000
terminal	license:GPL-2.0-or-later	-0.000000
terminal	license:GPL-3.0	0.298914
terminal	license:GPL-3.0-only	-0.104834
terminal	license:GPL-3.0-or-later	-0.192536
terminal	license:ISC	0.375539
terminal	license:LGPL-2.0-only	-0.000000
terminal	license:LGPL-2.0-or-later	-0.000000
terminal	license:LGPL-2.1	0.000000
terminal	license:LGPL-2.1-only	-0.000000
terminal	license:LGPL-2.1-or-later	-0.000000
terminal	license:LGPL-3.0-only	-0.000000
terminal	license:LGPL-3.0-or-later	-0.000000
terminal	license:LPPL-1.3c	0.000000
terminal	license:MIT	2.144483
terminal	license:MPL-2.0	-0.000000
terminal	license:OFL-1.1	-0.000000
terminal	license:PostgreSQL	0.000000
terminal	license:Unlicense	0.000000
terminal	license:free	0.000000
terminal	license:publicDomain	0.000000
terminal	license:unfree	-0.010767
terminal	license:unfreeRedistributable	0.000000
terminal	name:prefix:kde-	0.000000
terminal	name:prefix:lib	-0.000000
terminal	name:suffix-bin	-0.000000
terminal	name:suffix-driver	0.000000
terminal	name:suffix-server	0.000000
terminal	name:suffix-theme	0.000000
terminal	name:suffix-tools	0.000000
terminal	svc:true	-0.188173
terminal	w:about	0.000000
terminal	w:access	0.000000
terminal	w:addon	0.000000
terminal	w:adds	0.252947
terminal	w:advanced	0.000000
terminal	w:agent	0.000000
terminal	w:akonadi	0.000000
terminal	w:alert	0.000000
terminal	w:allows	0.209250
terminal	w:also	0.000000
terminal	w:alternative	0.000000
terminal	w:amd	0.000000
terminal	w:analysis	0.000000
terminal	w:android	0.000000
terminal	w:api	0.000000
terminal	w:app	0.000000
terminal	w:application	-0.000000
terminal	w:applications	-0.000000
terminal	w:apps	0.000000
terminal	w:around	0.000000
terminal	w:aspell	0.000000
terminal	w:assist	0.000000
terminal	w:assistant	0.000000
terminal	w:audio	0.000000
terminal	w:base	0.000000
terminal	w:berkeley	0.000000
terminal	w:between	0.000000
terminal	w:binary	0.000000
terminal	w:bluetooth	0.000000
terminal	w:brother	0.000000
terminal	w:browser	0.000000
terminal	w:build	0.000000
terminal	w:buildbot	0.000000
terminal	w:building	0.000000
terminal	w:built	0.000000
terminal	w:but	0.000000
terminal	w:c++	0.000000
terminal	w:calculator	0.000000
terminal	w:calendar	0.000000
terminal	w:capture	0.000000
terminal	w:cards	0.000000
terminal	w:channel	0.000000
terminal	w:characters	0.000000
terminal	w:check	0.000000
terminal	w:chicken	0.000000
terminal	w:clang	0.000000
terminal	w:clean	0.437047
terminal	w:client	-0.000000
terminal	w:clients	0.000000
terminal	w:cloud	0.000000
terminal	w:code	-0.000000
terminal	w:collection	0.000000
terminal	w:color	0.000000
terminal	w:command	0.315402
terminal	w:commands	0.688672
terminal	w:common	0.000000
terminal	w:compiler	0.000000
terminal	w:component	0.000000
terminal	w:components	0.000000
terminal	w:condensed	0.000000
terminal	w:configuration	0.000000
terminal	w:connect	0.000000
terminal	w:conquer	0.000000
terminal	w:console	0.000000
terminal	w:control	0.000000
terminal	w:controller	0.000000
terminal	w:controlling	0.000000
terminal	w:core	0.000000
terminal	w:corner	0.000000
terminal	w:create	0.375539
terminal	w:custom	0.000000
terminal	w:customizable	0.351578
terminal	w:daemon	0.000000
terminal	w:darwin	0.000000
terminal	w:data	-0.000000
terminal	w:database	0.000000
terminal	w:deadbeef	0.000000
terminal	w:designed	0.000000
terminal	w:desktop	-0.000000
terminal	w:developers	0.000000
terminal	w:development	0.000000
terminal	w:device	0.000000
terminal	w:devices	-0.000000
terminal	w:dictionary	-0.000000
terminal	w:disk	0.000000
terminal	w:display	0.000000
terminal	w:displays	0.330606
terminal	w:distributed	0.000000
terminal	w:distribution	0.000000
terminal	w:documentation	0.000000
terminal	w:documents	0.000000
terminal	w:dotted	0.000000
terminal	w:driver	-0.000000
terminal	w:drivers	0.000000
terminal	w:easy	0.265885
terminal	w:eclipse	0.000000
terminal	w:editor	0.000000
terminal	w:efficient	0.000000
terminal	w:elementary	0.000000
terminal	w:elm	0.000000
terminal	w:embedded	0.000000
terminal	w:emulator	0.403492
terminal	w:engine	0.199877
terminal	w:english	0.000000
terminal	w:environment	0.659886
terminal	w:extensible	0.000000
terminal	w:extension	-0.002356
terminal	w:fast	0.000000
terminal	w:features	0.000000
terminal	w:file	0.000000
terminal	w:files	-0.000000
terminal	w:firefox	0.000000
terminal	w:firmware	0.000000
terminal	w:fish	5.066696
terminal	w:flexible	0.000000
terminal	w:font	0.247427
terminal	w:fonts	-0.000000
terminal	w:fork	0.000000
terminal	w:format	0.000000
terminal	w:framework	0.000000
terminal	w:free	-0.000000
terminal	w:freshrss	0.000000
terminal	w:functionality	0.000000
terminal	w:functions	0.000000
terminal	w:game	-0.000000
terminal	w:games	0.000000
terminal	w:generator	0.000000
terminal	w:ghidra	0.000000
terminal	w:gnome	0.000000
terminal	w:gnu	0.240926
terminal	w:google	0.000000
terminal	w:grafana	0.000000
terminal	w:gui	0.000000
terminal	w:handling	0.000000
terminal	w:hardware	0.000000
terminal	w:hashes	0.000000
terminal	w:helm	0.000000
terminal	w:high	0.000000
terminal	w:high-performance	0.000000
terminal	w:highlighting	0.000000
terminal	w:home	0.000000
terminal	w:http	0.000000
terminal	w:hyphen	0.000000
terminal	w:hyprland	0.000000
terminal	w:ibus	0.000000
terminal	w:ide	-0.000000
terminal	w:image	0.000000
terminal	w:implementation	-0.000000
terminal	w:including	0.000000
terminal	w:indian	0.000000
terminal	w:indicator	0.311958
terminal	w:information	0.000000
terminal	w:injection	0.000000
terminal	w:input	0.000000
terminal	w:install	0.000000
terminal	w:integrate	0.000000
terminal	w:integrates	0.000000
terminal	w:integration	0.000000
terminal	w:intel	0.000000
terminal	w:interface	0.000000
terminal	w:iosevka	0.000000
terminal	w:jack	0.000000
terminal	w:java	0.000000
terminal	w:javascript	0.000000
terminal	w:jetbrains	0.000000
terminal	w:json	0.000000
terminal	w:kde	-0.000000
terminal	w:kernel	-0.000000
terminal	w:keyboard	0.000000
terminal	w:kio	0.000000
terminal	w:kodi	0.000000
terminal	w:kubernetes	0.000000
terminal	w:language	-0.000000
terminal	w:languages	0.000000
terminal	w:laptop	0.000000
terminal	w:libraries	0.000000
terminal	w:library	-0.000000
terminal	w:libreoffice	0.000000
terminal	w:libretro	0.000000
terminal	w:ligature	0.000000
terminal	w:ligatures	-0.000000
terminal	w:lightweight	0.000000
terminal	w:lilypond	0.000000
terminal	w:line	0.403503
terminal	w:linphone	0.000000
terminal	w:linux	0.028900
terminal	w:lisp	0.000000
terminal	w:lldb	0.000000
terminal	w:llvm	0.000000
terminal	w:lomiri	0.000000
terminal	w:lua	0.000000
terminal	w:lv2	0.000000
terminal	w:lxqt	0.000000
terminal	w:machine	0.000000
terminal	w:make	0.000000
terminal	w:makes	0.000000
terminal	w:man	0.000000
terminal	w:manage	0.295166
terminal	w:management	0.000000
terminal	w:manager	-0.000000
terminal	w:many	0.000000
terminal	w:markdown	0.000000
terminal	w:menu	0.000000
terminal	w:method	0.000000
terminal	w:mimicking	0.000000
terminal	w:minecraft	0.000000
terminal	w:minimal	0.375539
terminal	w:mobile	0.000000
terminal	w:mod	0.000000
terminal	w:mode	0.403492
terminal	w:model	-0.000000
terminal	w:modern	0.000000
terminal	w:module	-0.000000
terminal	w:monitor	0.000000
terminal	w:monitoring	0.000000
terminal	w:mono	0.000000
terminal	w:monospace	0.000000
terminal	w:mopidy	0.000000
terminal	w:multitran	0.000000
terminal	w:music	0.000000
terminal	w:native	0.000000
terminal	w:neovim	0.000000
terminal	w:nerd	-0.000000
terminal	w:net	0.000000
terminal	w:network	0.000000
terminal	w:networking	0.000000
terminal	w:new	0.000000
terminal	w:nix	0.000000
terminal	w:normal	0.000000
terminal	w:notification	0.000000
terminal	w:notifications	0.000000
terminal	w:nvidia	0.000000
terminal	w:obs	0.000000
terminal	w:obtain	0.000000
terminal	w:ocaml	0.000000
terminal	w:official	0.000000
terminal	w:one	0.000000
terminal	w:open	0.009503
terminal	w:open-source	0.000000
terminal	w:openjdk	0.000000
terminal	w:optimization	0.000000
terminal	w:original	0.000000
terminal	w:package	0.209250
terminal	w:page	0.000000
terminal	w:pages	0.000000
terminal	w:panel	0.000000
terminal	w:pantheon	0.000000
terminal	w:parser	0.000000
terminal	w:pass	0.000000
terminal	w:password	0.000000
terminal	w:passwords	0.000000
terminal	w:php	0.000000
terminal	w:pim	0.000000
terminal	w:plasma	-0.000000
terminal	w:platform	0.000000
terminal	w:player	0.000000
terminal	w:playing	0.000000
terminal	w:plug	0.000000
terminal	w:plugin	1.311494
terminal	w:plugins	0.000000
terminal	w:port	-0.000000
terminal	w:postgresql	0.000000
terminal	w:power	0.000000
terminal	w:powerful	0.000000
terminal	w:printer	0.000000
terminal	w:process	0.000000
terminal	w:program	0.000000
terminal	w:programming	-0.000000
terminal	w:programs	0.000000
terminal	w:project	0.000000
terminal	w:protocol	-0.000000
terminal	w:provides	-0.000000
terminal	w:providing	0.351578
terminal	w:puzzle	0.000000
terminal	w:python	0.000000
terminal	w:qml	0.000000
terminal	w:quake	0.000000
terminal	w:quickly	1.416717
terminal	w:re-imagination	0.000000
terminal	w:real-time	0.000000
terminal	w:realtek	0.000000
terminal	w:red	0.000000
terminal	w:release	0.000000
terminal	w:round	0.000000
terminal	w:running	0.000000
terminal	w:runtime	0.000000
terminal	w:rust	0.000000
terminal	w:scalable	0.000000
terminal	w:scheme	0.000000
terminal	w:script	0.000000
terminal	w:scripts	0.311958
terminal	w:sdk	0.000000
terminal	w:search	0.000000
terminal	w:security	0.000000
terminal	w:server	-0.000000
terminal	w:service	0.000000
terminal	w:session	0.000000
terminal	w:set	0.000000
terminal	w:settings	0.000000
terminal	w:shell	1.124935
terminal	w:simple	0.000000
terminal	w:single	0.000000
terminal	w:skk	0.000000
terminal	w:small	0.000000
terminal	w:software	0.000000
terminal	w:some	0.351578
terminal	w:sound	0.000000
terminal	w:source	-0.000000
terminal	w:ssh	0.000000
terminal	w:standard	0.265885
terminal	w:state	0.000000
terminal	w:status	0.903111
terminal	w:studio	0.000000
terminal	w:style	0.295166
terminal	w:suite	0.000000
terminal	w:support	0.268427
terminal	w:supporting	0.000000
terminal	w:swift	0.000000
terminal	w:switchboard	0.000000
terminal	w:syntax	0.000000
terminal	w:system	0.071095
terminal	w:systems	0.000000
terminal	w:terminal	1.040774
terminal	w:test	0.295166
terminal	w:text	0.547658
terminal	w:theme	0.968629
terminal	w:through	0.000000
terminal	w:time	0.000000
terminal	w:tiny	0.000000
terminal	w:tmux	4.700796
terminal	w:tool	-0.000000
terminal	w:toolchain	0.000000
terminal	w:tools	0.000000
terminal	w:top	0.311958
terminal	w:touch	0.000000
terminal	w:translatelocally	-0.000000
terminal	w:tree	0.437047
terminal	w:typing	0.000000
terminal	w:ubuntu	0.000000
terminal	w:unhinted	0.000000
terminal	w:unicode	0.000000
terminal	w:useful	0.000000
terminal	w:user	0.330606
terminal	w:uses	0.000000
terminal	w:utilities	0.252947
terminal	w:utility	0.000000
terminal	w:values	0.000000
terminal	w:variant	0.000000
terminal	w:various	0.000000
terminal	w:vdr	0.000000
terminal	w:version	0.000000
terminal	w:video	0.000000
terminal	w:view	0.000000
terminal	w:viewer	0.000000
terminal	w:vim	0.000000
terminal	w:virtual	0.000000
terminal	w:visual	0.000000
terminal	w:wayland	0.000000
terminal	w:web	-0.000000
terminal	w:weechat	0.000000
terminal	w:width	0.000000
terminal	w:window	0.000000
terminal	w:windows	0.000000
terminal	w:wingpanel	0.000000
terminal	w:work	0.000000
terminal	w:working	0.375539
terminal	w:wrapper	0.145609
terminal	w:written	0.279893
terminal	w:x86	0.000000
terminal	w:yamagi	0.000000
terminal	w:znc	0.000000
text	builder:buildDotnetModule	0.000000
text	builder:buildDunePackage	0.000000
text	builder:buildEnv	0.000000
text	builder:buildFHSEnv	0.000000
text	builder:buildGoModule	-0.000000
text	builder:buildHomeAssistantComponent	0.000000
text	builder:buildKodiAddon	0.000000
text	builder:buildNpmPackage	0.000000
text	builder:buildPythonApplication	0.000000
text	builder:buildPythonPackage	0.000000
text	builder:fetchurl	1.124576
text	builder:fetchzip	-0.000000
text	builder:mkDerivation	0.000000
text	builder:runCommand	0.020279
text	builder:rustPlatform.buildRustPackage	0.265822
text	builder:stdenv.mkDerivation	1.245678
text	builder:stdenvNoCC.mkDerivation	-0.052126
text	builder:symlinkJoin	0.000000
text	builder:vimUtils.buildVimPlugin	0.000000
text	desktop:true	0.000000
text	gui:gtk3	-0.000000
text	gui:gtk4	0.000000
text	gui:wrapGAppsHook3	-0.000000
text	gui:wrapGAppsHook4	0.000000
text	gui:wrapQtAppsHook	-0.000000
text	has:mainProgram	-0.013686
text	host:brother.com	0.000000
text	host:buildbot.net	0.000000
text	host:ctan.org	0.000000
text	host:developer.android.com	0.000000
text	host:dotnet.github.io	0.000000
text	host:eclipse.org	0.000000
text	host:enlightenment.org	0.000000
text	host:extensions.gnome.org	0.000000
text	host:ftp.gnu.org	0.000000
text	host:gitlab.linphone.org	0.000000
text	host:gnu.org	1.035011
text	host:grafana.com	0.000000
text	host:invent.kde.org	-0.000000
text	host:jetbrains.com	0.000000
text	host:kernel.org	0.000000
text	host:lilypond.org	0.000000
text	host:multitran.sourceforge.net	3.494549
text	host:nerdfonts.com	0.000000
text	host:open-music-kontrollers.ch	0.000000
text	host:opensource.apple.com	0.000000
text	host:optifine.net	0.000000
text	host:pagure.io	0.000000
text	host:translatelocally.com	0.000000
text	host:web.archive.org	0.000000
text	host:wiki.call-cc.org	0.000000
text	host:wiki.documentfoundation.org	0.000000
text	license:AGPL-3.0-only	0.000000
text	license:APSL-1.0	0.000000
text	license:APSL-2.0	0.000000
text	license:Apache-2.0	-0.034968
text	license:Artistic-2.0	0.000000
text	license:BSD-2-Clause	-0.000000
text	license:BSD-3-Clause	-0.152624
text	license:BSL-1.0	0.000000
text	license:CC-BY-4.0	0.000000
text	license:CC-BY-SA-3.0	0.457933
text	license:CC-BY-SA-4.0	-0.000000
text	license:CC0-1.0	-0.000000
text	license:Classpath-exception-2.0	0.000000
text	license:EPL-1.0	0.000000
text	license:FSFAP	0.000000
text	license:GPL-2.0	-0.000000
text	license:GPL-2.0-only	0.396587
text	license:GPL-2.0-or-later	-0.153894
text	license:GPL-3.0	-0.000000
text	license:GPL-3.0-only	-0.000000
text	license:GPL-3.0-or-later	0.169810
text	license:ISC	0.000000
text	license:LGPL-2.0-only	-0.000000
text	license:LGPL-2.0-or-later	-0.000000
text	license:LGPL-2.1	0.000000
text	license:LGPL-2.1-only	-0.000000
text	license:LGPL-2.1-or-later	-0.000000
text	license:LGPL-3.0-only	-0.000000
text	license:LGPL-3.0-or-later	-0.000000
text	license:LPPL-1.3c	0.000000
text	license:MIT	-0.148971
text	license:MPL-2.0	0.200606
text	license:OFL-1.1	-0.000000
text	license:PostgreSQL	0.000000
text	license:Unlicense	0.000000
text	license:free	0.000000
text	license:publicDomain	0.000000
text	license:unfree	-0.000000
text	license:unfreeRedistributable	0.000000
text	name:prefix:kde-	0.000000
text	name:prefix:lib	0.748044
text	name:suffix-bin	0.000000
text	name:suffix-driver	0.000000
text	name:suffix-server	0.000000
text	name:suffix-theme	0.000000
text	name:suffix-tools	0.000000
text	svc:true	-0.081591
text	w:about	0.000000
text	w:access	0.000000
text	w:addon	0.000000
text	w:adds	0.000000
text	w:advanced	0.000000
text	w:agent	0.000000
text	w:akonadi	0.000000
text	w:alert	0.000000
text	w:allows	0.000000
text	w:also	0.000000
text	w:alternative	0.000000
text	w:amd	0.000000
text	w:analysis	0.000000
text	w:android	0.000000
text	w:api	0.000000
text	w:app	0.000000
text	w:application	0.000000
text	w:applications	0.000000
text	w:apps	0.000000
text	w:around	0.000000
text	w:aspell	0.000000
text	w:assist	0.000000
text	w:assistant	0.000000
text	w:audio	0.000000
text	w:base	0.000000
text	w:berkeley	0.000000
text	w:between	0.000000
text	w:binary	0.000000
text	w:bluetooth	0.000000
text	w:brother	0.000000
text	w:browser	0.000000
text	w:build	0.000000
text	w:buildbot	0.000000
text	w:building	0.000000
text	w:built	0.000000
text	w:but	0.000000
text	w:c++	0.000000
text	w:calculator	0.000000
text	w:calendar	0.000000
text	w:capture	0.000000
text	w:cards	0.000000
text	w:channel	0.000000
text	w:characters	0.509845
text	w:check	0.000000
text	w:chicken	0.000000
text	w:clang	0.000000
text	w:clean	0.000000
text	w:client	0.195733
text	w:clients	0.000000
text	w:cloud	0.000000
text	w:code	0.522333
text	w:collection	0.000000
text	w:color	0.000000
text	w:command	0.195733
text	w:commands	0.000000
text	w:common	0.000000
text	w:compiler	0.000000
text	w:component	0.000000
text	w:components	0.000000
text	w:condensed	0.000000
text	w:configuration	0.000000
text	w:connect	0.000000
text	w:conquer	0.000000
text	w:console	0.000000
text	w:control	0.000000
text	w:controller	0.000000
text	w:controlling	0.000000
text	w:core	0.000000
text	w:corner	0.000000
text	w:create	0.000000
text	w:custom	0.000000
text	w:customizable	0.000000
text	w:daemon	0.000000
text	w:darwin	0.000000
text	w:data	0.616686
text	w:database	0.418316
text	w:deadbeef	0.000000
text	w:designed	0.000000
text	w:desktop	0.000000
text	w:developers	0.000000
text	w:development	0.000000
text	w:device	0.000000
text	w:devices	0.000000
text	w:dictionary	0.375883
text	w:disk	0.000000
text	w:display	0.000000
text	w:displays	0.436963
text	w:distributed	0.000000
text	w:distribution	0.000000
text	w:documentation	0.509845
text	w:documents	0.543399
text	w:dotted	0.000000
text	w:driver	-0.000000
text	w:drivers	0.000000
text	w:easy	0.000000
text	w:eclipse	0.000000
text	w:editor	0.336065
text	w:efficient	0.000000
text	w:elementary	0.000000
text	w:elm	0.000000
text	w:embedded	0.000000
text	w:emulator	0.000000
text	w:engine	0.000000
text	w:english	0.457933
text	w:environment	0.000000
text	w:extensible	0.000000
text	w:extension	0.104067
text	w:fast	0.000000
text	w:features	0.000000
text	w:file	0.000000
text	w:files	0.239181
text	w:firefox	0.000000
text	w:firmware	0.000000
text	w:fish	0.000000
text	w:flexible	0.000000
text	w:font	-0.000000
text	w:fonts	-0.000000
text	w:fork	0.000000
text	w:format	0.543399
text	w:framework	0.000000
text	w:free	0.000000
text	w:freshrss	0.000000
text	w:functionality	0.000000
text	w:functions	0.509845
text	w:game	-0.000000
text	w:games	0.000000
text	w:generator	0.000000
text	w:ghidra	0.000000
text	w:gnome	0.000000
text	w:gnu	1.195873
text	w:google	0.000000
text	w:grafana	0.000000
text	w:gui	0.000000
text	w:handling	0.000000
text	w:hardware	0.000000
text	w:hashes	0.000000
text	w:helm	0.000000
text	w:high	0.000000
text	w:high-performance	0.000000
text	w:highlighting	0.543399
text	w:home	0.000000
text	w:http	0.000000
text	w:hyphen	0.000000
text	w:hyprland	0.000000
text	w:ibus	0.000000
text	w:ide	-0.000000
text	w:image	0.000000
text	w:implementation	0.169035
text	w:including	0.000000
text	w:indian	0.000000
text	w:indicator	0.000000
text	w:information	0.000000
text	w:injection	0.000000
text	w:input	0.000000
text	w:install	0.000000
text	w:integrate	0.000000
text	w:integrates	0.000000
text	w:integration	0.000000
text	w:intel	0.000000
text	w:interface	0.000000
text	w:iosevka	0.000000
text	w:jack	0.000000
text	w:java	0.000000
text	w:javascript	0.000000
text	w:jetbrains	0.000000
text	w:json	0.000000
text	w:kde	0.000000
text	w:kernel	-0.000000
text	w:keyboard	0.000000
text	w:kio	0.000000
text	w:kodi	0.000000
text	w:kubernetes	0.000000
text	w:language	0.131929
text	w:languages	0.000000
text	w:laptop	0.000000
text	w:libraries	0.386254
text	w:library	0.058603
text	w:libreoffice	0.000000
text	w:libretro	0.000000
text	w:ligature	0.000000
text	w:ligatures	0.000000
text	w:lightweight	0.000000
text	w:lilypond	0.000000
text	w:line	0.245465
text	w:linphone	0.000000
text	w:linux	-0.000000
text	w:lisp	0.000000
text	w:lldb	0.000000
text	w:llvm	0.000000
text	w:lomiri	0.000000
text	w:lua	0.000000
text	w:lv2	0.000000
text	w:lxqt	0.000000
text	w:machine	0.000000
text	w:make	0.000000
text	w:makes	0.000000
text	w:man	0.000000
text	w:manage	0.000000
text	w:management	0.000000
text	w:manager	0.000000
text	w:many	0.000000
text	w:markdown	0.543399
text	w:menu	0.000000
text	w:method	0.000000
text	w:mimicking	0.000000
text	w:minecraft	0.000000
text	w:minimal	0.000000
text	w:mobile	0.000000
text	w:mod	0.000000
text	w:mode	0.000000
text	w:model	0.000000
text	w:modern	0.000000
text	w:module	-0.000000
text	w:monitor	0.000000
text	w:monitoring	0.000000
text	w:mono	0.000000
text	w:monospace	0.000000
text	w:mopidy	0.000000
text	w:multitran	3.494549
text	w:music	0.000000
text	w:native	0.000000
text	w:neovim	0.000000
text	w:nerd	0.000000
text	w:net	0.000000
text	w:network	0.000000
text	w:networking	0.000000
text	w:new	0.000000
text	w:nix	0.509845
text	w:normal	0.000000
text	w:notification	0.000000
text	w:notifications	0.000000
text	w:nvidia	0.000000
text	w:obs	0.000000
text	w:obtain	0.000000
text	w:ocaml	0.000000
text	w:official	0.000000
text	w:one	0.000000
text	w:open	-0.000000
text	w:open-source	0.000000
text	w:openjdk	0.000000
text	w:optimization	0.000000
text	w:original	0.000000
text	w:package	0.000000
text	w:page	0.000000
text	w:pages	0.000000
text	w:panel	0.000000
text	w:pantheon	0.000000
text	w:parser	0.000000
text	w:pass	0.000000
text	w:password	0.000000
text	w:passwords	0.000000
text	w:php	0.000000
text	w:pim	0.000000
text	w:plasma	0.000000
text	w:platform	0.000000
text	w:player	0.000000
text	w:playing	0.000000
text	w:plug	0.000000
text	w:plugin	-0.000000
text	w:plugins	0.000000
text	w:port	0.000000
text	w:postgresql	0.000000
text	w:power	0.000000
text	w:powerful	0.000000
text	w:printer	0.000000
text	w:process	0.000000
text	w:program	0.000000
text	w:programming	0.227258
text	w:programs	0.000000
text	w:project	0.000000
text	w:protocol	0.280868
text	w:provides	0.000000
text	w:providing	0.000000
text	w:puzzle	0.000000
text	w:python	0.000000
text	w:qml	0.000000
text	w:quake	0.000000
text	w:quickly	0.000000
text	w:re-imagination	0.000000
text	w:real-time	0.000000
text	w:realtek	0.000000
text	w:red	0.000000
text	w:release	0.000000
text	w:round	0.000000
text	w:running	0.000000
text	w:runtime	0.000000
text	w:rust	0.000000
text	w:scalable	0.000000
text	w:scheme	0.000000
text	w:script	0.000000
text	w:scripts	0.000000
text	w:sdk	0.000000
text	w:search	0.000000
text	w:security	0.000000
text	w:server	0.216103
text	w:service	0.000000
text	w:session	0.000000
text	w:set	0.000000
text	w:settings	0.000000
text	w:shell	0.000000
text	w:simple	0.325535
text	w:single	0.000000
text	w:skk	0.000000
text	w:small	0.000000
text	w:software	0.000000
text	w:some	0.000000
text	w:sound	0.000000
text	w:source	0.063134
text	w:ssh	0.000000
text	w:standard	0.000000
text	w:state	0.000000
text	w:status	0.000000
text	w:studio	0.000000
text	w:style	0.000000
text	w:suite	0.000000
text	w:support	-0.000000
text	w:supporting	0.000000
text	w:swift	0.000000
text	w:switchboard	0.000000
text	w:syntax	0.000000
text	w:system	-0.000000
text	w:systems	0.000000
text	w:terminal	0.000000
text	w:test	0.000000
text	w:text	0.000000
text	w:theme	0.000000
text	w:through	0.000000
text	w:time	0.000000
text	w:tiny	0.000000
text	w:tmux	0.000000
text	w:tool	0.145855
text	w:toolchain	0.000000
text	w:tools	0.306246
text	w:top	0.000000
text	w:touch	0.000000
text	w:translatelocally	0.000000
text	w:tree	0.000000
text	w:typing	0.000000
text	w:ubuntu	0.000000
text	w:unhinted	0.000000
text	w:unicode	0.543399
text	w:useful	0.457933
text	w:user	0.000000
text	w:uses	0.000000
text	w:utilities	0.359310
text	w:utility	0.000000
text	w:values	0.000000
text	w:variant	0.000000
text	w:various	0.386254
text	w:vdr	0.000000
text	w:version	1.035011
text	w:video	0.000000
text	w:view	0.000000
text	w:viewer	0.000000
text	w:vim	0.000000
text	w:virtual	0.000000
text	w:visual	0.000000
text	w:wayland	0.000000
text	w:web	0.000000
text	w:weechat	0.000000
text	w:width	0.000000
text	w:window	0.000000
text	w:windows	0.000000
text	w:wingpanel	0.000000
text	w:work	0.000000
text	w:working	0.000000
text	w:wrapper	0.000000
text	w:written	0.000000
text	w:x86	0.000000
text	w:yamagi	0.000000
text	w:znc	0.000000
typesetting	builder:buildDotnetModule	0.000000
typesetting	builder:buildDunePackage	0.000000
typesetting	builder:buildEnv	0.000000
typesetting	builder:buildFHSEnv	0.000000
typesetting	builder:buildGoModule	-0.000000
typesetting	builder:buildHomeAssistantComponent	0.000000
typesetting	builder:buildKodiAddon	0.000000
typesetting	builder:buildNpmPackage	0.000000
typesetting	builder:buildPythonApplication	0.000000
typesetting	builder:buildPythonPackage	0.000000
typesetting	builder:fetchurl	1.474551
typesetting	builder:fetchzip	-0.000000
typesetting	builder:mkDerivation	0.000000
typesetting	builder:runCommand	2.965646
typesetting	builder:rustPlatform.buildRustPackage	0.000000
typesetting	builder:stdenv.mkDerivation	-0.544281
typesetting	builder:stdenvNoCC.mkDerivation	-0.000000
typesetting	builder:symlinkJoin	0.000000
typesetting	builder:vimUtils.buildVimPlugin	0.000000
typesetting	desktop:true	-0.000000
typesetting	gui:gtk3	-0.000000
typesetting	gui:gtk4	0.000000
typesetting	gui:wrapGAppsHook3	-0.000000
typesetting	gui:wrapGAppsHook4	0.000000
typesetting	gui:wrapQtAppsHook	-0.000000
typesetting	has:mainProgram	-0.339313
typesetting	host:brother.com	0.000000
typesetting	host:buildbot.net	0.000000
typesetting	host:ctan.org	6.532557
typesetting	host:developer.android.com	0.000000
typesetting	host:dotnet.github.io	0.000000
typesetting	host:eclipse.org	0.000000
typesetting	host:enlightenment.org	0.000000
typesetting	host:extensions.gnome.org	0.000000
typesetting	host:ftp.gnu.org	0.000000
typesetting	host:gitlab.linphone.org	0.000000
typesetting	host:gnu.org	0.000000
typesetting	host:grafana.com	0.000000
typesetting	host:invent.kde.org	-0.000000
typesetting	host:jetbrains.com	0.000000
typesetting	host:kernel.org	0.000000
typesetting	host:lilypond.org	4.152776
typesetting	host:multitran.sourceforge.net	0.000000
typesetting	host:nerdfonts.com	0.000000
typesetting	host:open-music-kontrollers.ch	0.000000
typesetting	host:opensource.apple.com	0.000000
typesetting	host:optifine.net	0.000000
typesetting	host:pagure.io	0.000000
typesetting	host:translatelocally.com	0.000000
typesetting	host:web.archive.org	0.000000
typesetting	host:wiki.call-cc.org	0.000000
typesetting	host:wiki.documentfoundation.org	0.000000
typesetting	license:AGPL-3.0-only	0.000000
typesetting	license:APSL-1.0	0.000000
typesetting	license:APSL-2.0	0.000000
typesetting	license:Apache-2.0	-0.000000
typesetting	license:Artistic-2.0	0.000000
typesetting	license:BSD-2-Clause	-0.000000
typesetting	license:BSD-3-Clause	-0.000000
typesetting	license:BSL-1.0	0.000000
typesetting	license:CC-BY-4.0	0.379723
typesetting	license:CC-BY-SA-3.0	0.000000
typesetting	license:CC-BY-SA-4.0	-0.000000
typesetting	license:CC0-1.0	-0.000000
typesetting	license:Classpath-exception-2.0	0.000000
typesetting	license:EPL-1.0	0.000000
typesetting	license:FSFAP	0.000000
typesetting	license:GPL-2.0	-0.000000
typesetting	license:GPL-2.0-only	-0.000000
typesetting	license:GPL-2.0-or-later	-0.000000
typesetting	license:GPL-3.0	-0.000000
typesetting	license:GPL-3.0-only	-0.000000
typesetting	license:GPL-3.0-or-later	-0.000000
typesetting	license:ISC	0.000000
typesetting	license:LGPL-2.0-only	-0.000000
typesetting	license:LGPL-2.0-or-later	-0.000000
typesetting	license:LGPL-2.1	0.000000
typesetting	license:LGPL-2.1-only	-0.000000
typesetting	license:LGPL-2.1-or-later	-0.000000
typesetting	license:LGPL-3.0-only	-0.000000
typesetting	license:LGPL-3.0-or-later	-0.000000
typesetting	license:LPPL-1.3c	4.492171
typesetting	license:MIT	-0.218472
typesetting	license:MPL-2.0	-0.000000
typesetting	license:OFL-1.1	1.229945
typesetting	license:PostgreSQL	0.000000
typesetting	license:Unlicense	0.000000
typesetting	license:free	0.398371
typesetting	license:publicDomain	0.333654
typesetting	license:unfree	-0.000000
typesetting	license:unfreeRedistributable	0.000000
typesetting	name:prefix:kde-	0.000000
typesetting	name:prefix:lib	-0.000000
typesetting	name:suffix-bin	0.000000
typesetting	name:suffix-driver	0.000000
typesetting	name:suffix-server	0.000000
typesetting	name:suffix-theme	0.000000
typesetting	name:suffix-tools	0.000000
typesetting	svc:true	-0.000000
typesetting	w:about	0.000000
typesetting	w:access	0.000000
typesetting	w:addon	0.000000
typesetting	w:adds	0.000000
typesetting	w:advanced	0.000000
typesetting	w:agent	0.000000
typesetting	w:akonadi	0.000000
typesetting	w:alert	0.000000
typesetting	w:allows	0.277023
typesetting	w:also	0.000000
typesetting	w:alternative	0.000000
typesetting	w:amd	0.000000
typesetting	w:analysis	0.000000
typesetting	w:android	0.000000
typesetting	w:api	0.000000
typesetting	w:app	0.000000
typesetting	w:application	0.000000
typesetting	w:applications	0.000000
typesetting	w:apps	0.000000
typesetting	w:around	0.000000
typesetting	w:aspell	0.000000
typesetting	w:assist	0.000000
typesetting	w:assistant	0.000000
typesetting	w:audio	0.000000
typesetting	w:base	0.000000
typesetting	w:berkeley	0.000000
typesetting	w:between	0.000000
typesetting	w:binary	0.000000
typesetting	w:bluetooth	0.000000
typesetting	w:brother	0.000000
typesetting	w:browser	0.000000
typesetting	w:build	0.320716
typesetting	w:buildbot	0.000000
typesetting	w:building	0.000000
typesetting	w:built	0.000000
typesetting	w:but	0.000000
typesetting	w:c++	0.000000
typesetting	w:calculator	0.000000
typesetting	w:calendar	0.000000
typesetting	w:capture	0.000000
typesetting	w:cards	0.000000
typesetting	w:channel	0.000000
typesetting	w:characters	0.000000
typesetting	w:check	0.000000
typesetting	w:chicken	0.000000
typesetting	w:clang	0.000000
typesetting	w:clean	0.000000
typesetting	w:client	-0.000000
typesetting	w:clients	0.000000
typesetting	w:cloud	0.000000
typesetting	w:code	-0.000000
typesetting	w:collection	0.000000
typesetting	w:color	0.000000
typesetting	w:command	0.157131
typesetting	w:commands	0.000000
typesetting	w:common	0.000000
typesetting	w:compiler	0.000000
typesetting	w:component	0.000000
typesetting	w:components	0.000000
typesetting	w:condensed	0.000000
typesetting	w:configuration	0.000000
typesetting	w:connect	0.000000
typesetting	w:conquer	0.000000
typesetting	w:console	0.000000
typesetting	w:control	0.000000
typesetting	w:controller	0.000000
typesetting	w:controlling	0.000000
typesetting	w:core	0.000000
typesetting	w:corner	0.000000
typesetting	w:create	0.000000
typesetting	w:custom	0.000000
typesetting	w:customizable	0.000000
typesetting	w:daemon	0.000000
typesetting	w:darwin	0.000000
typesetting	w:data	0.000000
typesetting	w:database	0.000000
typesetting	w:deadbeef	0.000000
typesetting	w:designed	0.000000
typesetting	w:desktop	0.000000
typesetting	w:developers	0.379723
typesetting	w:development	0.000000
typesetting	w:device	0.000000
typesetting	w:devices	0.000000
typesetting	w:dictionary	-0.000000
typesetting	w:disk	0.000000
typesetting	w:display	0.000000
typesetting	w:displays	0.000000
typesetting	w:distributed	0.000000
typesetting	w:distribution	0.000000
typesetting	w:documentation	0.000000
typesetting	w:documents	0.000000
typesetting	w:dotted	0.000000
typesetting	w:driver	-0.000000
typesetting	w:drivers	0.000000
typesetting	w:easy	0.000000
typesetting	w:eclipse	0.000000
typesetting	w:editor	0.000000
typesetting	w:efficient	0.000000
typesetting	w:elementary	0.000000
typesetting	w:elm	0.000000
typesetting	w:embedded	0.000000
typesetting	w:emulator	0.000000
typesetting	w:engine	0.000000
typesetting	w:english	0.000000
typesetting	w:environment	0.000000
typesetting	w:extensible	0.000000
typesetting	w:extension	-0.000000
typesetting	w:fast	0.000000
typesetting	w:features	0.000000
typesetting	w:file	0.000000
typesetting	w:files	0.000000
typesetting	w:firefox	0.000000
typesetting	w:firmware	0.000000
typesetting	w:fish	0.000000
typesetting	w:flexible	0.000000
typesetting	w:font	1.604155
typesetting	w:fonts	0.147772
typesetting	w:fork	0.000000
typesetting	w:format	0.000000
typesetting	w:framework	0.000000
typesetting	w:free	-0.000000
typesetting	w:freshrss	0.000000
typesetting	w:functionality	0.000000
typesetting	w:functions	0.000000
typesetting	w:game	-0.000000
typesetting	w:games	0.000000
typesetting	w:generator	0.000000
typesetting	w:ghidra	0.000000
typesetting	w:gnome	0.000000
typesetting	w:gnu	0.000000
typesetting	w:google	0.000000
typesetting	w:grafana	0.000000
typesetting	w:gui	0.000000
typesetting	w:handling	0.000000
typesetting	w:hardware	0.000000
typesetting	w:hashes	0.000000
typesetting	w:helm	0.000000
typesetting	w:high	0.000000
typesetting	w:high-performance	0.000000
typesetting	w:highlighting	0.000000
typesetting	w:home	0.000000
typesetting	w:http	0.000000
typesetting	w:hyphen	0.000000
typesetting	w:hyprland	0.000000
typesetting	w:ibus	0.000000
typesetting	w:ide	-0.000000
typesetting	w:image	0.000000
typesetting	w:implementation	-0.000000
typesetting	w:including	0.000000
typesetting	w:indian	0.000000
typesetting	w:indicator	0.000000
typesetting	w:information	0.362933
typesetting	w:injection	0.000000
typesetting	w:input	0.000000
typesetting	w:install	0.000000
typesetting	w:integrate	0.000000
typesetting	w:integrates	0.000000
typesetting	w:integration	0.000000
typesetting	w:intel	0.000000
typesetting	w:interface	0.000000
typesetting	w:iosevka	0.000000
typesetting	w:jack	0.000000
typesetting	w:java	0.000000
typesetting	w:javascript	0.000000
typesetting	w:jetbrains	0.000000
typesetting	w:json	0.000000
typesetting	w:kde	0.000000
typesetting	w:kernel	-0.000000
typesetting	w:keyboard	0.000000
typesetting	w:kio	0.000000
typesetting	w:kodi	0.000000
typesetting	w:kubernetes	0.000000
typesetting	w:language	-0.000000
typesetting	w:languages	0.000000
typesetting	w:laptop	0.000000
typesetting	w:libraries	0.000000
typesetting	w:library	-0.000000
typesetting	w:libreoffice	0.000000
typesetting	w:libretro	0.000000
typesetting	w:ligature	0.000000
typesetting	w:ligatures	0.000000
typesetting	w:lightweight	0.000000
typesetting	w:lilypond	4.152776
typesetting	w:line	0.523666
typesetting	w:linphone	0.000000
typesetting	w:linux	-0.000000
typesetting	w:lisp	0.000000
typesetting	w:lldb	0.000000
typesetting	w:llvm	0.000000
typesetting	w:lomiri	0.000000
typesetting	w:lua	0.000000
typesetting	w:lv2	0.000000
typesetting	w:lxqt	0.000000
typesetting	w:machine	0.000000
typesetting	w:make	0.000000
typesetting	w:makes	0.000000
typesetting	w:man	0.398371
typesetting	w:manage	0.000000
typesetting	w:management	0.000000
typesetting	w:manager	-0.000000
typesetting	w:many	0.000000
typesetting	w:markdown	0.000000
typesetting	w:menu	0.000000
typesetting	w:method	0.000000
typesetting	w:mimicking	0.000000
typesetting	w:minecraft	0.000000
typesetting	w:minimal	0.000000
typesetting	w:mobile	0.000000
typesetting	w:mod	0.000000
typesetting	w:mode	0.000000
typesetting	w:model	0.000000
typesetting	w:modern	0.000000
typesetting	w:module	-0.000000
typesetting	w:monitor	0.000000
typesetting	w:monitoring	0.000000
typesetting	w:mono	0.000000
typesetting	w:monospace	0.000000
typesetting	w:mopidy	0.000000
typesetting	w:multitran	0.000000
typesetting	w:music	0.000000
typesetting	w:native	0.000000
typesetting	w:neovim	0.000000
typesetting	w:nerd	-0.000000
typesetting	w:net	0.000000
typesetting	w:network	0.000000
typesetting	w:networking	0.000000
typesetting	w:new	0.000000
typesetting	w:nix	0.000000
typesetting	w:normal	0.000000
typesetting	w:notification	0.000000
typesetting	w:notifications	0.000000
typesetting	w:nvidia	0.000000
typesetting	w:obs	0.000000
typesetting	w:obtain	0.000000
typesetting	w:ocaml	0.000000
typesetting	w:official	0.000000
typesetting	w:one	0.000000
typesetting	w:open	-0.000000
typesetting	w:open-source	0.000000
typesetting	w:openjdk	0.000000
typesetting	w:optimization	0.000000
typesetting	w:original	0.000000
typesetting	w:package	0.277023
typesetting	w:page	0.000000
typesetting	w:pages	0.000000
typesetting	w:panel	0.000000
typesetting	w:pantheon	0.000000
typesetting	w:parser	0.000000
typesetting	w:pass	0.000000
typesetting	w:password	0.000000
typesetting	w:passwords	0.000000
typesetting	w:php	0.000000
typesetting	w:pim	0.000000
typesetting	w:plasma	-0.000000
typesetting	w:platform	0.000000
typesetting	w:player	0.000000
typesetting	w:playing	0.000000
typesetting	w:plug	0.000000
typesetting	w:plugin	-0.000000
typesetting	w:plugins	0.000000
typesetting	w:port	0.000000
typesetting	w:postgresql	0.000000
typesetting	w:power	0.000000
typesetting	w:powerful	0.000000
typesetting	w:printer	0.000000
typesetting	w:process	0.000000
typesetting	w:program	0.000000
typesetting	w:programming	-0.000000
typesetting	w:programs	0.000000
typesetting	w:project	0.000000
typesetting	w:protocol	0.000000
typesetting	w:provides	0.000000
typesetting	w:providing	0.000000
typesetting	w:puzzle	0.000000
typesetting	w:python	0.000000
typesetting	w:qml	0.000000
typesetting	w:quake	0.000000
typesetting	w:quickly	0.000000
typesetting	w:re-imagination	0.000000
typesetting	w:real-time	0.000000
typesetting	w:realtek	0.000000
typesetting	w:red	0.000000
typesetting	w:release	0.000000
typesetting	w:round	0.000000
typesetting	w:running	0.000000
typesetting	w:runtime	0.000000
typesetting	w:rust	0.000000
typesetting	w:scalable	0.000000
typesetting	w:scheme	0.000000
typesetting	w:script	0.000000
typesetting	w:scripts	0.000000
typesetting	w:sdk	0.000000
typesetting	w:search	0.000000
typesetting	w:security	0.000000
typesetting	w:server	-0.000000
typesetting	w:service	0.000000
typesetting	w:session	0.000000
typesetting	w:set	0.000000
typesetting	w:settings	0.000000
typesetting	w:shell	-0.000000
typesetting	w:simple	0.000000
typesetting	w:single	0.000000
typesetting	w:skk	0.000000
typesetting	w:small	0.000000
typesetting	w:software	0.000000
typesetting	w:some	0.000000
typesetting	w:sound	0.000000
typesetting	w:source	-0.000000
typesetting	w:ssh	0.000000
typesetting	w:standard	0.333654
typesetting	w:state	0.000000
typesetting	w:status	0.000000
typesetting	w:studio	0.000000
typesetting	w:style	0.808811
typesetting	w:suite	0.000000
typesetting	w:support	0.130431
typesetting	w:supporting	0.000000
typesetting	w:swift	0.000000
typesetting	w:switchboard	0.000000
typesetting	w:syntax	0.000000
typesetting	w:system	-0.000000
typesetting	w:systems	0.000000
typesetting	w:terminal	0.000000
typesetting	w:test	0.000000
typesetting	w:text	0.000000
typesetting	w:theme	0.000000
typesetting	w:through	0.000000
typesetting	w:time	0.000000
typesetting	w:tiny	0.000000
typesetting	w:tmux	0.000000
typesetting	w:tool	-0.000000
typesetting	w:toolchain	0.000000
typesetting	w:tools	0.000000
typesetting	w:top	0.000000
typesetting	w:touch	0.000000
typesetting	w:translatelocally	0.000000
typesetting	w:tree	0.000000
typesetting	w:typing	0.000000
typesetting	w:ubuntu	0.000000
typesetting	w:unhinted	0.000000
typesetting	w:unicode	0.000000
typesetting	w:useful	0.000000
typesetting	w:user	0.000000
typesetting	w:uses	0.000000
typesetting	w:utilities	0.000000
typesetting	w:utility	0.000000
typesetting	w:values	0.000000
typesetting	w:variant	0.000000
typesetting	w:various	0.000000
typesetting	w:vdr	0.000000
typesetting	w:version	0.000000
typesetting	w:video	0.000000
typesetting	w:view	0.000000
typesetting	w:viewer	0.000000
typesetting	w:vim	0.000000
typesetting	w:virtual	0.000000
typesetting	w:visual	0.000000
typesetting	w:wayland	0.000000
typesetting	w:web	0.000000
typesetting	w:weechat	0.000000
typesetting	w:width	0.000000
typesetting	w:window	0.000000
typesetting	w:windows	0.000000
typesetting	w:wingpanel	0.000000
typesetting	w:work	0.000000
typesetting	w:working	0.000000
typesetting	w:wrapper	0.000000
typesetting	w:written	0.000000
typesetting	w:x86	0.000000
typesetting	w:yamagi	0.000000
typesetting	w:znc	0.000000
video	builder:buildDotnetModule	-0.000000
video	builder:buildDunePackage	-0.000000
video	builder:buildEnv	-0.000000
video	builder:buildFHSEnv	0.000000
video	builder:buildGoModule	-0.000000
video	builder:buildHomeAssistantComponent	-0.000000
video	builder:buildKodiAddon	4.527027
video	builder:buildNpmPackage	0.000000
video	builder:buildPythonApplication	-0.000000
video	builder:buildPythonPackage	0.000000
video	builder:fetchurl	-0.593628
video	builder:fetchzip	0.176907
video	builder:mkDerivation	-0.000000
video	builder:runCommand	-0.000000
video	builder:rustPlatform.buildRustPackage	0.125518
video	builder:stdenv.mkDerivation	0.098195
video	builder:stdenvNoCC.mkDerivation	-0.000000
video	builder:symlinkJoin	0.125518
video	builder:vimUtils.buildVimPlugin	0.000000
video	desktop:true	0.075784
video	gui:gtk3	-0.041959
video	gui:gtk4	-0.000000
video	gui:wrapGAppsHook3	0.216142
video	gui:wrapGAppsHook4	-0.000000
video	gui:wrapQtAppsHook	0.009167
video	has:mainProgram	-0.657297
video	host:brother.com	0.000000
video	host:buildbot.net	0.000000
video	host:ctan.org	-0.000000
video	host:developer.android.com	0.000000
video	host:dotnet.github.io	-0.000000
video	host:eclipse.org	0.000000
video	host:enlightenment.org	0.000000
video	host:extensions.gnome.org	-0.000000
video	host:ftp.gnu.org	-0.000000
video	host:gitlab.linphone.org	0.000000
video	host:gnu.org	0.000000
video	host:grafana.com	0.000000
video	host:invent.kde.org	-0.000000
video	host:jetbrains.com	0.000000
video	host:kernel.org	0.000000
video	host:lilypond.org	0.000000
video	host:multitran.sourceforge.net	0.000000
video	host:nerdfonts.com	-0.000000
video	host:open-music-kontrollers.ch	0.000000
video	host:opensource.apple.com	0.000000
video	host:optifine.net	-0.000000
video	host:pagure.io	0.000000
video	host:translatelocally.com	-0.000000
video	host:web.archive.org	0.000000
video	host:wiki.call-cc.org	-0.000000
video	host:wiki.documentfoundation.org	-0.000000
video	license:AGPL-3.0-only	0.000000
video	license:APSL-1.0	0.000000
video	license:APSL-2.0	0.000000
video	license:Apache-2.0	-0.146025
video	license:Artistic-2.0	0.000000
video	license:BSD-2-Clause	-0.000000
video	license:BSD-3-Clause	-0.293418
video	license:BSL-1.0	0.000000
video	license:CC-BY-4.0	0.000000
video	license:CC-BY-SA-3.0	0.000000
video	license:CC-BY-SA-4.0	-0.000000
video	license:CC0-1.0	-0.000000
video	license:Classpath-exception-2.0	0.000000
video	license:EPL-1.0	0.000000
video	license:FSFAP	0.000000
video	license:GPL-2.0	1.234312
video	license:GPL-2.0-only	0.609424
video	license:GPL-2.0-or-later	0.441981
video	license:GPL-3.0	0.046045
video	license:GPL-3.0-only	-0.164569
video	license:GPL-3.0-or-later	-0.169904
video	license:ISC	0.000000
video	license:LGPL-2.0-only	-0.000000
video	license:LGPL-2.0-or-later	-0.000000
video	license:LGPL-2.1	0.000000
video	license:LGPL-2.1-only	-0.000000
video	license:LGPL-2.1-or-later	-0.000000
video	license:LGPL-3.0-only	-0.000000
video	license:LGPL-3.0-or-later	-0.000000
video	license:LPPL-1.3c	0.000000
video	license:MIT	-0.334709
video	license:MPL-2.0	-0.000000
video	license:OFL-1.1	-0.000000
video	license:PostgreSQL	0.000000
video	license:Unlicense	0.000000
video	license:free	0.000000
video	license:publicDomain	0.231964
video	license:unfree	-0.000000
video	license:unfreeRedistributable	0.000000
video	name:prefix:kde-	0.000000
video	name:prefix:lib	0.201640
video	name:suffix-bin	0.148618
video	name:suffix-driver	0.000000
video	name:suffix-server	0.000000
video	name:suffix-theme	0.000000
video	name:suffix-tools	0.000000
video	svc:true	-0.000000
video	w:about	0.000000
video	w:access	0.219026
video	w:addon	3.006072
video	w:adds	0.000000
video	w:advanced	0.000000
video	w:agent	0.000000
video	w:akonadi	0.000000
video	w:alert	0.000000
video	w:allows	0.175326
video	w:also	0.000000
video	w:alternative	0.000000
video	w:amd	0.000000
video	w:analysis	0.278039
video	w:android	0.000000
video	w:api	0.000000
video	w:app	0.000000
video	w:application	0.105156
video	w:applications	-0.000000
video	w:apps	0.000000
video	w:around	0.000000
video	w:aspell	-0.000000
video	w:assist	0.000000
video	w:assistant	-0.000000
video	w:audio	0.629081
video	w:base	0.000000
video	w:berkeley	0.000000
video	w:between	0.000000
video	w:binary	0.697003
video	w:bluetooth	0.341621
video	w:brother	0.000000
video	w:browser	0.296688
video	w:build	0.000000
video	w:buildbot	0.000000
video	w:building	0.000000
video	w:built	0.000000
video	w:but	0.000000
video	w:c++	-0.000000
video	w:calculator	0.000000
video	w:calendar	0.000000
video	w:capture	0.843526
video	w:cards	0.000000
video	w:channel	0.000000
video	w:characters	0.000000
video	w:check	0.000000
video	w:chicken	0.000000
video	w:clang	0.000000
video	w:clean	0.000000
video	w:client	0.481902
video	w:clients	0.000000
video	w:cloud	0.000000
video	w:code	0.065298
video	w:collection	0.000000
video	w:color	0.786000
video	w:command	-0.000000
video	w:commands	0.261246
video	w:common	0.527916
video	w:compiler	-0.000000
video	w:component	0.000000
video	w:components	0.000000
video	w:condensed	0.000000
video	w:configuration	-0.000000
video	w:connect	0.403131
video	w:conquer	0.000000
video	w:console	0.000000
video	w:control	0.000000
video	w:controller	0.403131
video	w:controlling	0.000000
video	w:core	0.000000
video	w:corner	-0.000000
video	w:create	0.341621
video	w:custom	0.000000
video	w:customizable	0.317660
video	w:daemon	0.000000
video	w:darwin	0.000000
video	w:data	-0.000000
video	w:database	0.000000
video	w:deadbeef	0.000000
video	w:designed	-0.000000
video	w:desktop	-0.000000
video	w:developers	0.000000
video	w:development	0.185245
video	w:device	0.697003
video	w:devices	0.125518
video	w:dictionary	-0.000000
video	w:disk	0.000000
video	w:display	0.000000
video	w:displays	0.000000
video	w:distributed	0.000000
video	w:distribution	0.000000
video	w:documentation	0.000000
video	w:documents	0.000000
video	w:dotted	0.000000
video	w:driver	-0.000000
video	w:drivers	0.000000
video	w:easy	0.000000
video	w:eclipse	-0.000000
video	w:editor	-0.000000
video	w:efficient	0.000000
video	w:elementary	0.000000
video	w:elm	0.000000
video	w:embedded	0.000000
video	w:emulator	0.000000
video	w:engine	-0.000000
video	w:english	0.000000
video	w:environment	0.000000
video	w:extensible	0.000000
video	w:extension	-0.000000
video	w:fast	0.000000
video	w:features	0.000000
video	w:file	0.165952
video	w:files	-0.000000
video	w:firefox	0.000000
video	w:firmware	0.000000
video	w:fish	-0.000000
video	w:flexible	0.000000
video	w:font	-0.000000
video	w:fonts	-0.000000
video	w:fork	0.000000
video	w:format	0.000000
video	w:framework	0.195777
video	w:free	0.086943
video	w:freshrss	0.000000
video	w:functionality	0.000000
video	w:functions	0.000000
video	w:game	0.174566
video	w:games	0.000000
video	w:generator	0.000000
video	w:ghidra	0.000000
video	w:gnome	-0.000000
video	w:gnu	0.000000
video	w:google	0.000000
video	w:grafana	0.000000
video	w:gui	0.317660
video	w:handling	0.000000
video	w:hardware	0.000000
video	w:hashes	0.000000
video	w:helm	0.000000
video	w:high	0.000000
video	w:high-performance	0.000000
video	w:highlighting	0.000000
video	w:home	-0.000000
video	w:http	0.403131
video	w:hyphen	-0.000000
video	w:hyprland	0.000000
video	w:ibus	0.000000
video	w:ide	-0.000000
video	w:image	0.000000
video	w:implementation	0.028698
video	w:including	0.000000
video	w:indian	0.000000
video	w:indicator	0.000000
video	w:information	0.000000
video	w:injection	0.000000
video	w:input	0.261246
video	w:install	0.000000
video	w:integrate	0.403131
video	w:integrates	0.000000
video	w:integration	-0.000000
video	w:intel	0.000000
video	w:interface	-0.000000
video	w:iosevka	0.000000
video	w:jack	0.000000
video	w:java	0.000000
video	w:javascript	0.000000
video	w:jetbrains	0.000000
video	w:json	0.000000
video	w:kde	-0.000000
video	w:kernel	-0.000000
video	w:keyboard	0.369575
video	w:kio	0.000000
video	w:kodi	4.283150
video	w:kubernetes	0.000000
video	w:language	-0.000000
video	w:languages	0.000000
video	w:laptop	0.000000
video	w:libraries	0.245973
video	w:library	-0.000000
video	w:libreoffice	-0.000000
video	w:libretro	0.000000
video	w:ligature	-0.000000
video	w:ligatures	-0.000000
video	w:lightweight	0.000000
video	w:lilypond	0.000000
video	w:line	-0.000000
video	w:linphone	0.000000
video	w:linux	0.149707
video	w:lisp	0.000000
video	w:lldb	0.000000
video	w:llvm	0.000000
video	w:lomiri	0.000000
video	w:lua	0.000000
video	w:lv2	0.000000
video	w:lxqt	0.000000
video	w:machine	0.000000
video	w:make	0.000000
video	w:makes	0.000000
video	w:man	0.000000
video	w:manage	0.261246
video	w:management	0.000000
video	w:manager	-0.000000
video	w:many	0.000000
video	w:markdown	0.000000
video	w:menu	0.000000
video	w:method	0.000000
video	w:mimicking	0.000000
video	w:minecraft	-0.000000
video	w:minimal	0.000000
video	w:mobile	-0.000000
video	w:mod	-0.000000
video	w:mode	0.000000
video	w:model	-0.000000
video	w:modern	0.000000
video	w:module	0.032877
video	w:monitor	0.341621
video	w:monitoring	-0.000000
video	w:mono	0.000000
video	w:monospace	0.000000
video	w:mopidy	-0.000000
video	w:multitran	0.000000
video	w:music	0.000000
video	w:native	0.403131
video	w:neovim	0.000000
video	w:nerd	-0.000000
video	w:net	-0.000000
video	w:network	0.185245
video	w:networking	0.000000
video	w:new	0.000000
video	w:nix	0.000000
video	w:normal	0.000000
video	w:notification	0.000000
video	w:notifications	0.000000
video	w:nvidia	0.000000
video	w:obs	5.811678
video	w:obtain	0.000000
video	w:ocaml	-0.000000
video	w:official	0.000000
video	w:one	0.317660
video	w:open	-0.024445
video	w:open-source	0.000000
video	w:openjdk	0.000000
video	w:optimization	-0.000000
video	w:original	0.000000
video	w:package	-0.000000
video	w:page	0.000000
video	w:pages	0.000000
video	w:panel	0.000000
video	w:pantheon	0.000000
video	w:parser	0.000000
video	w:pass	0.000000
video	w:password	0.000000
video	w:passwords	0.000000
video	w:php	0.000000
video	w:pim	0.000000
video	w:plasma	-0.000000
video	w:platform	0.000000
video	w:player	0.000000
video	w:playing	0.000000
video	w:plug	0.000000
video	w:plugin	1.471029
video	w:plugins	0.296688
video	w:port	-0.000000
video	w:postgresql	0.000000
video	w:power	0.000000
video	w:powerful	0.000000
video	w:printer	0.000000
video	w:process	0.000000
video	w:program	0.000000
video	w:programming	-0.000000
video	w:programs	0.000000
video	w:project	0.000000
video	w:protocol	0.407218
video	w:provides	0.157066
video	w:providing	0.000000
video	w:puzzle	0.000000
video	w:python	0.278039
video	w:qml	0.000000
video	w:quake	0.000000
video	w:quickly	0.000000
video	w:re-imagination	0.000000
video	w:real-time	0.000000
video	w:realtek	0.000000
video	w:red	0.000000
video	w:release	0.000000
video	w:round	-0.000000
video	w:running	0.000000
video	w:runtime	0.000000
video	w:rust	0.000000
video	w:scalable	0.000000
video	w:scheme	-0.000000
video	w:script	-0.000000
video	w:scripts	0.000000
video	w:sdk	0.000000
video	w:search	0.000000
video	w:security	0.000000
video	w:server	0.075784
video	w:service	0.195777
video	w:session	0.000000
video	w:set	0.278039
video	w:settings	-0.000000
video	w:shell	-0.000000
video	w:simple	-0.000000
video	w:single	0.000000
video	w:skk	-0.000000
video	w:small	0.000000
video	w:software	0.550097
video	w:some	0.000000
video	w:sound	0.000000
video	w:source	0.331946
video	w:ssh	0.000000
video	w:standard	0.231964
video	w:state	0.000000
video	w:status	0.000000
video	w:studio	3.560743
video	w:style	0.000000
video	w:suite	0.000000
video	w:support	0.208804
video	w:supporting	0.000000
video	w:swift	0.000000
video	w:switchboard	0.000000
video	w:syntax	0.000000
video	w:system	-0.000000
video	w:systems	0.000000
video	w:terminal	0.000000
video	w:test	0.000000
video	w:text	-0.000000
video	w:theme	0.000000
video	w:through	0.000000
video	w:time	0.000000
video	w:tiny	-0.000000
video	w:tmux	0.000000
video	w:tool	-0.000000
video	w:toolchain	0.000000
video	w:tools	-0.000000
video	w:top	0.000000
video	w:touch	0.000000
video	w:translatelocally	-0.000000
video	w:tree	0.000000
video	w:typing	0.000000
video	w:ubuntu	0.000000
video	w:unhinted	0.000000
video	w:unicode	0.000000
video	w:useful	0.000000
video	w:user	0.000000
video	w:uses	0.000000
video	w:utilities	0.000000
video	w:utility	0.000000
video	w:values	0.000000
video	w:variant	0.000000
video	w:various	0.000000
video	w:vdr	3.006072
video	w:version	0.341621
video	w:video	1.706300
video	w:view	0.000000
video	w:viewer	0.000000
video	w:vim	0.000000
video	w:virtual	0.000000
video	w:visual	0.000000
video	w:wayland	0.261246
video	w:web	-0.000000
video	w:weechat	0.000000
video	w:width	0.000000
video	w:window	0.000000
video	w:windows	0.000000
video	w:wingpanel	0.000000
video	w:work	0.000000
video	w:working	0.000000
video	w:wrapper	-0.000000
video	w:written	0.000000
video	w:x86	0.000000
video	w:yamagi	0.000000
video	w:znc	0.000000
web	builder:buildDotnetModule	0.000000
web	builder:buildDunePackage	0.000000
web	builder:buildEnv	0.000000
web	builder:buildFHSEnv	0.000000
web	builder:buildGoModule	-0.000000
web	builder:buildHomeAssistantComponent	0.000000
web	builder:buildKodiAddon	0.000000
web	builder:buildNpmPackage	0.000000
web	builder:buildPythonApplication	-0.000000
web	builder:buildPythonPackage	0.000000
web	builder:fetchurl	0.398773
web	builder:fetchzip	-0.004705
web	builder:mkDerivation	-0.000000
web	builder:runCommand	0.417737
web	builder:rustPlatform.buildRustPackage	0.503930
web	builder:stdenv.mkDerivation	0.413884
web	builder:stdenvNoCC.mkDerivation	0.074555
web	builder:symlinkJoin	0.000000
web	builder:vimUtils.buildVimPlugin	0.000000
web	desktop:true	1.708059
web	gui:gtk3	1.760814
web	gui:gtk4	0.479217
web	gui:wrapGAppsHook3	0.595520
web	gui:wrapGAppsHook4	0.000000
web	gui:wrapQtAppsHook	-0.000000
web	has:mainProgram	0.596377
web	host:brother.com	0.000000
web	host:buildbot.net	0.000000
web	host:ctan.org	0.000000
web	host:developer.android.com	0.000000
web	host:dotnet.github.io	0.000000
web	host:eclipse.org	0.000000
web	host:enlightenment.org	0.000000
web	host:extensions.gnome.org	0.000000
web	host:ftp.gnu.org	0.000000
web	host:gitlab.linphone.org	0.000000
web	host:gnu.org	0.000000
web	host:grafana.com	0.000000
web	host:invent.kde.org	-0.000000
web	host:jetbrains.com	0.000000
web	host:kernel.org	0.000000
web	host:lilypond.org	0.000000
web	host:multitran.sourceforge.net	0.000000
web	host:nerdfonts.com	0.000000
web	host:open-music-kontrollers.ch	0.000000
web	host:opensource.apple.com	0.000000
web	host:optifine.net	0.000000
web	host:pagure.io	0.000000
web	host:translatelocally.com	0.000000
web	host:web.archive.org	0.000000
web	host:wiki.call-cc.org	0.000000
web	host:wiki.documentfoundation.org	0.000000
web	license:AGPL-3.0-only	2.587564
web	license:APSL-1.0	0.000000
web	license:APSL-2.0	0.000000
web	license:Apache-2.0	0.266645
web	license:Artistic-2.0	0.000000
web	license:BSD-2-Clause	0.583909
web	license:BSD-3-Clause	-0.222925
web	license:BSL-1.0	0.000000
web	license:CC-BY-4.0	0.000000
web	license:CC-BY-SA-3.0	0.000000
web	license:CC-BY-SA-4.0	-0.000000
web	license:CC0-1.0	-0.000000
web	license:Classpath-exception-2.0	0.000000
web	license:EPL-1.0	0.000000
web	license:FSFAP	0.000000
web	license:GPL-2.0	-0.000000
web	license:GPL-2.0-only	-0.000000
web	license:GPL-2.0-or-later	-0.279671
web	license:GPL-3.0	-0.000000
web	license:GPL-3.0-only	-0.000000
web	license:GPL-3.0-or-later	-0.000000
web	license:ISC	0.000000
web	license:LGPL-2.0-only	-0.000000
web	license:LGPL-2.0-or-later	-0.000000
web	license:LGPL-2.1	0.000000
web	license:LGPL-2.1-only	-0.000000
web	license:LGPL-2.1-or-later	-0.000000
web	license:LGPL-3.0-only	-0.000000
web	license:LGPL-3.0-or-later	-0.000000
web	license:LPPL-1.3c	0.000000
web	license:MIT	-0.251873
web	license:MPL-2.0	2.066337
web	license:OFL-1.1	-0.000000
web	license:PostgreSQL	0.000000
web	license:Unlicense	0.000000
web	license:free	0.000000
web	license:publicDomain	0.000000
web	license:unfree	-0.000000
web	license:unfreeRedistributable	0.000000
web	name:prefix:kde-	0.000000
web	name:prefix:lib	0.325371
web	name:suffix-bin	0.545388
web	name:suffix-driver	0.000000
web	name:suffix-server	0.439751
web	name:suffix-theme	0.000000
web	name:suffix-tools	0.000000
web	svc:true	1.752668
web	w:about	0.000000
web	w:access	0.000000
web	w:addon	0.000000
web	w:adds	0.000000
web	w:advanced	0.473306
web	w:agent	0.000000
web	w:akonadi	0.000000
web	w:alert	0.000000
web	w:allows	0.245516
web	w:also	0.473306
web	w:alternative	0.752751
web	w:amd	0.000000
web	w:analysis	0.000000
web	w:android	0.000000
web	w:api	0.411799
web	w:app	0.289211
web	w:application	0.467596
web	w:applications	0.000000
web	w:apps	0.000000
web	w:around	0.000000
web	w:aspell	0.000000
web	w:assist	0.000000
web	w:assistant	0.000000
web	w:audio	0.000000
web	w:base	0.000000
web	w:berkeley	0.000000
web	w:between	0.000000
web	w:binary	0.820669
web	w:bluetooth	0.000000
web	w:brother	0.000000
web	w:browser	2.142416
web	w:build	0.000000
web	w:buildbot	0.000000
web	w:building	0.967186
web	w:built	1.464522
web	w:but	0.000000
web	w:c++	0.000000
web	w:calculator	0.000000
web	w:calendar	0.000000
web	w:capture	0.000000
web	w:cards	0.000000
web	w:channel	0.439751
web	w:characters	0.000000
web	w:check	0.000000
web	w:chicken	0.000000
web	w:clang	0.000000
web	w:clean	0.000000
web	w:client	0.379503
web	w:clients	0.473306
web	w:cloud	0.000000
web	w:code	-0.000000
web	w:collection	0.000000
web	w:color	0.000000
web	w:command	-0.000000
web	w:commands	0.000000
web	w:common	0.000000
web	w:compiler	0.000000
web	w:component	0.000000
web	w:components	0.000000
web	w:condensed	0.000000
web	w:configuration	0.000000
web	w:connect	0.000000
web	w:conquer	0.000000
web	w:console	0.439751
web	w:control	0.000000
web	w:controller	0.000000
web	w:controlling	0.000000
web	w:core	0.000000
web	w:corner	0.000000
web	w:create	0.411799
web	w:custom	0.000000
web	w:customizable	0.000000
web	w:daemon	0.000000
web	w:darwin	0.000000
web	w:data	-0.000000
web	w:database	0.348219
web	w:deadbeef	0.000000
web	w:designed	0.000000
web	w:desktop	0.467596
web	w:developers	0.000000
web	w:development	0.255433
web	w:device	0.000000
web	w:devices	0.000000
web	w:dictionary	-0.000000
web	w:disk	0.000000
web	w:display	0.000000
web	w:displays	0.000000
web	w:distributed	0.000000
web	w:distribution	0.000000
web	w:documentation	0.000000
web	w:documents	0.473306
web	w:dotted	0.000000
web	w:driver	-0.000000
web	w:drivers	0.000000
web	w:easy	0.000000
web	w:eclipse	0.000000
web	w:editor	0.000000
web	w:efficient	0.473306
web	w:elementary	0.000000
web	w:elm	0.000000
web	w:embedded	0.000000
web	w:emulator	0.000000
web	w:engine	0.236143
web	w:english	0.000000
web	w:environment	0.000000
web	w:extensible	0.473306
web	w:extension	0.649941
web	w:fast	0.316156
web	w:features	0.348219
web	w:file	0.000000
web	w:files	0.169071
web	w:firefox	3.242348
web	w:firmware	0.000000
web	w:fish	0.000000
web	w:flexible	0.000000
web	w:font	-0.000000
web	w:fonts	-0.000000
web	w:fork	0.697785
web	w:format	0.000000
web	w:framework	0.265964
web	w:free	0.157147
web	w:freshrss	3.242348
web	w:functionality	0.000000
web	w:functions	0.000000
web	w:game	-0.000000
web	w:games	0.000000
web	w:generator	0.000000
web	w:ghidra	0.000000
web	w:gnome	0.000000
web	w:gnu	0.000000
web	w:google	0.000000
web	w:grafana	0.000000
web	w:gui	0.000000
web	w:handling	0.000000
web	w:hardware	0.000000
web	w:hashes	0.000000
web	w:helm	0.000000
web	w:high	0.000000
web	w:high-performance	0.000000
web	w:highlighting	0.000000
web	w:home	0.000000
web	w:http	1.039178
web	w:hyphen	0.000000
web	w:hyprland	0.000000
web	w:ibus	0.000000
web	w:ide	-0.000000
web	w:image	0.000000
web	w:implementation	0.098915
web	w:including	0.000000
web	w:indian	0.000000
web	w:indicator	0.000000
web	w:information	0.000000
web	w:injection	0.000000
web	w:input	0.000000
web	w:install	0.000000
web	w:integrate	0.000000
web	w:integrates	0.000000
web	w:integration	0.000000
web	w:intel	0.000000
web	w:interface	0.265964
web	w:iosevka	0.000000
web	w:jack	0.000000
web	w:java	0.331428
web	w:javascript	0.820669
web	w:jetbrains	0.000000
web	w:json	0.411799
web	w:kde	-0.000000
web	w:kernel	-0.000000
web	w:keyboard	0.000000
web	w:kio	0.000000
web	w:kodi	0.000000
web	w:kubernetes	0.000000
web	w:language	-0.000000
web	w:languages	0.000000
web	w:laptop	1.039178
web	w:libraries	0.000000
web	w:library	-0.000000
web	w:libreoffice	0.000000
web	w:libretro	0.000000
web	w:ligature	0.000000
web	w:ligatures	0.000000
web	w:lightweight	0.697785
web	w:lilypond	0.000000
web	w:line	-0.000000
web	w:linphone	0.000000
web	w:linux	-0.000000
web	w:lisp	0.387838
web	w:lldb	0.000000
web	w:llvm	0.000000
web	w:lomiri	0.000000
web	w:lua	0.000000
web	w:lv2	0.000000
web	w:lxqt	0.000000
web	w:machine	0.000000
web	w:make	0.000000
web	w:makes	0.000000
web	w:man	0.000000
web	w:manage	0.000000
web	w:management	0.000000
web	w:manager	-0.000000
web	w:many	0.473306
web	w:markdown	0.000000
web	w:menu	0.000000
web	w:method	0.000000
web	w:mimicking	0.000000
web	w:minecraft	0.000000
web	w:minimal	0.000000
web	w:mobile	0.000000
web	w:mod	0.000000
web	w:mode	0.000000
web	w:model	0.000000
web	w:modern	0.000000
web	w:module	-0.000000
web	w:monitor	0.000000
web	w:monitoring	0.255433
web	w:mono	0.000000
web	w:monospace	0.000000
web	w:mopidy	0.000000
web	w:multitran	0.000000
web	w:music	0.000000
web	w:native	0.000000
web	w:neovim	0.000000
web	w:nerd	-0.000000
web	w:net	0.000000
web	w:network	0.000000
web	w:networking	0.000000
web	w:new	0.000000
web	w:nix	0.000000
web	w:normal	0.000000
web	w:notification	0.000000
web	w:notifications	0.411799
web	w:nvidia	0.000000
web	w:obs	0.000000
web	w:obtain	0.000000
web	w:ocaml	0.000000
web	w:official	0.000000
web	w:one	0.000000
web	w:open	0.239597
web	w:open-source	0.000000
web	w:openjdk	0.000000
web	w:optimization	0.000000
web	w:original	0.000000
web	w:package	0.245516
web	w:page	0.000000
web	w:pages	0.473306
web	w:panel	0.000000
web	w:pantheon	0.000000
web	w:parser	0.000000
web	w:pass	0.000000
web	w:password	0.000000
web	w:passwords	0.000000
web	w:php	0.000000
web	w:pim	0.000000
web	w:plasma	-0.000000
web	w:platform	0.861744
web	w:player	0.000000
web	w:playing	0.000000
web	w:plug	0.000000
web	w:plugin	-0.000000
web	w:plugins	0.000000
web	w:port	0.218812
web	w:postgresql	0.000000
web	w:power	0.000000
web	w:powerful	0.387838
web	w:printer	0.000000
web	w:process	0.411799
web	w:program	0.000000
web	w:programming	-0.000000
web	w:programs	0.000000
web	w:project	0.000000
web	w:protocol	0.000000
web	w:provides	0.000000
web	w:providing	0.000000
web	w:puzzle	0.000000
web	w:python	0.000000
web	w:qml	0.000000
web	w:quake	0.000000
web	w:quickly	0.000000
web	w:re-imagination	0.000000
web	w:real-time	0.411799
web	w:realtek	0.000000
web	w:red	0.000000
web	w:release	0.861744
web	w:round	0.000000
web	w:running	0.000000
web	w:runtime	0.000000
web	w:rust	0.723966
web	w:scalable	0.411799
web	w:scheme	0.000000
web	w:script	0.000000
web	w:scripts	0.000000
web	w:sdk	0.000000
web	w:search	0.000000
web	w:security	1.039178
web	w:server	0.970620
web	w:service	0.000000
web	w:session	0.000000
web	w:set	0.000000
web	w:settings	0.000000
web	w:shell	-0.000000
web	w:simple	0.000000
web	w:single	0.000000
web	w:skk	0.000000
web	w:small	0.000000
web	w:software	0.289211
web	w:some	0.000000
web	w:sound	0.000000
web	w:source	0.729693
web	w:ssh	0.000000
web	w:standard	0.000000
web	w:state	0.000000
web	w:status	0.000000
web	w:studio	0.000000
web	w:style	0.000000
web	w:suite	0.000000
web	w:support	-0.000000
web	w:supporting	0.000000
web	w:swift	0.000000
web	w:switchboard	0.000000
web	w:syntax	0.000000
web	w:system	-0.000000
web	w:systems	0.000000
web	w:terminal	0.000000
web	w:test	0.000000
web	w:text	0.000000
web	w:theme	0.000000
web	w:through	0.000000
web	w:time	0.000000
web	w:tiny	0.000000
web	w:tmux	0.000000
web	w:tool	-0.000000
web	w:toolchain	0.000000
web	w:tools	0.000000
web	w:top	0.000000
web	w:touch	0.000000
web	w:translatelocally	0.000000
web	w:tree	1.629917
web	w:typing	0.000000
web	w:ubuntu	0.000000
web	w:unhinted	0.000000
web	w:unicode	0.000000
web	w:useful	0.000000
web	w:user	0.000000
web	w:uses	0.387838
web	w:utilities	0.000000
web	w:utility	0.000000
web	w:values	0.000000
web	w:variant	0.289211
web	w:various	0.000000
web	w:vdr	0.000000
web	w:version	0.000000
web	w:video	0.000000
web	w:view	0.000000
web	w:viewer	0.000000
web	w:vim	0.000000
web	w:virtual	0.000000
web	w:visual	0.000000
web	w:wayland	0.000000
web	w:web	2.106052
web	w:weechat	0.000000
web	w:width	0.000000
web	w:window	0.000000
web	w:windows	0.000000
web	w:wingpanel	0.000000
web	w:work	0.000000
web	w:working	0.000000
web	w:wrapper	-0.000000
web	w:written	0.000000
web	w:x86	0.000000
web	w:yamagi	0.000000
web	w:znc	0.000000
